<?xml version="1.0" encoding="UTF-8"?><portfolio code="0" id="c5cfb039-5b76-495a-a2aa-93991f2d1d4e" owner="Y"><version>4</version><asmRoot delete="Y" id="7afbd6a1-ef8a-47e6-902e-38b60ed7e5df" read="Y" role="" submit="Y" write="Y" xsi_type=""><metadata-wad seenoderoles="all" /><metadata-epm/><metadata multilingual-node="Y" public="Y" semantictag="root" sharedNode="N" sharedResource="N" /><asmResource contextid="7afbd6a1-ef8a-47e6-902e-38b60ed7e5df" id="c45675c8-6eb4-424c-956c-d9b35fdfc0a7" xsi_type="nodeRes"><code>europass-ISO-Languages</code>
  <label lang="en">ISO-Langues</label>
  <label lang="fr">EUROPASS - ISO-Langues</label></asmResource><asmResource contextid="7afbd6a1-ef8a-47e6-902e-38b60ed7e5df" id="d39fbf10-0617-419d-b655-52f692a7f908" xsi_type="context"></asmResource><asmContext delete="Y" id="a25b133f-15a3-4e2c-963d-0b0f5acb8f1b" read="Y" role="" submit="Y" write="Y" xsi_type=""><metadata-wad seenoderoles="all" /><metadata-epm/><metadata multilingual-node="Y" multilingual-resource="Y" semantictag="language" sharedNode="N" sharedNodeResource="N" sharedResource="N" /><asmResource contextid="a25b133f-15a3-4e2c-963d-0b0f5acb8f1b" id="f8638fe3-9769-4cb5-b791-13c9fece125c" xsi_type="nodeRes"><code/>
				<label lang="fr"/>
				<label lang="en"/></asmResource><asmResource contextid="a25b133f-15a3-4e2c-963d-0b0f5acb8f1b" id="42429ccf-277e-4b5d-a860-32adc14b95c0" xsi_type="context"><text lang="fr"/>
				<text lang="en"/></asmResource><asmResource contextid="a25b133f-15a3-4e2c-963d-0b0f5acb8f1b" id="37b4f495-df8c-4475-ae1f-86439f8f516c" xsi_type="Item"><code>ar</code>
  <label lang="fr">Arabe</label>
  <label lang="en">Arabic</label></asmResource></asmContext><asmContext delete="Y" id="eb3753dd-3bf5-4032-91d2-0e6f7c86ca04" read="Y" role="" submit="Y" write="Y" xsi_type=""><metadata-wad seenoderoles="all" /><metadata-epm/><metadata multilingual-node="Y" multilingual-resource="Y" semantictag="language" sharedNode="N" sharedNodeResource="N" sharedResource="N" /><asmResource contextid="eb3753dd-3bf5-4032-91d2-0e6f7c86ca04" id="fe4d8b7c-22f3-4cdb-a969-62afd0c7fd19" xsi_type="nodeRes"><code/>
				<label lang="fr"/>
				<label lang="en"/></asmResource><asmResource contextid="eb3753dd-3bf5-4032-91d2-0e6f7c86ca04" id="1ac6213a-d544-41f2-b8ec-c4c3ef08381e" xsi_type="context"><text lang="fr"/>
				<text lang="en"/></asmResource><asmResource contextid="eb3753dd-3bf5-4032-91d2-0e6f7c86ca04" id="2853f69a-a95b-40e1-b228-eac5e2b7ffda" xsi_type="Item"><code>bg</code>
  <label lang="fr">Bulgare</label>
  <label lang="en">Bulgarian</label></asmResource></asmContext><asmContext delete="Y" id="5c823d27-2611-49ab-a1c1-13c45fa17e7e" read="Y" role="" submit="Y" write="Y" xsi_type=""><metadata-wad seenoderoles="all" /><metadata-epm/><metadata multilingual-node="Y" multilingual-resource="Y" semantictag="language" sharedNode="N" sharedNodeResource="N" sharedResource="N" /><asmResource contextid="5c823d27-2611-49ab-a1c1-13c45fa17e7e" id="433ad003-30ad-460a-8027-9c45260d2d64" xsi_type="nodeRes"><code/>
				<label lang="fr"/>
				<label lang="en"/></asmResource><asmResource contextid="5c823d27-2611-49ab-a1c1-13c45fa17e7e" id="5aacbccb-1cc1-49b8-83d4-8d8026745775" xsi_type="context"><text lang="fr"/>
				<text lang="en"/></asmResource><asmResource contextid="5c823d27-2611-49ab-a1c1-13c45fa17e7e" id="abff3fb7-ad3f-4085-abd9-fe3ed5f18276" xsi_type="Item"><code>cs</code>
  <label lang="fr">Tchèque</label>
  <label lang="en">Czech</label></asmResource></asmContext><asmContext delete="Y" id="bdd36072-270d-4054-9cc1-0e79e4fad3b8" read="Y" role="" submit="Y" write="Y" xsi_type=""><metadata-wad seenoderoles="all" /><metadata-epm/><metadata multilingual-node="Y" multilingual-resource="Y" semantictag="language" sharedNode="N" sharedNodeResource="N" sharedResource="N" /><asmResource contextid="bdd36072-270d-4054-9cc1-0e79e4fad3b8" id="37c68e45-3582-488c-b2a7-5caae060ee07" xsi_type="nodeRes"><code/>
				<label lang="fr"/>
				<label lang="en"/></asmResource><asmResource contextid="bdd36072-270d-4054-9cc1-0e79e4fad3b8" id="8a356f57-97c0-43c4-acaa-6f296f3b54c6" xsi_type="context"><text lang="fr"/>
				<text lang="en"/></asmResource><asmResource contextid="bdd36072-270d-4054-9cc1-0e79e4fad3b8" id="0e1e01eb-3724-4c81-a702-763dd60890dc" xsi_type="Item"><code>da</code>
  <label lang="fr">Danois</label>
  <label lang="en">Danish</label></asmResource></asmContext><asmContext delete="Y" id="3d25274c-a811-4e4b-98b9-69c979fbcb6f" read="Y" role="" submit="Y" write="Y" xsi_type=""><metadata-wad seenoderoles="all" /><metadata-epm/><metadata multilingual-node="Y" multilingual-resource="Y" semantictag="language" sharedNode="N" sharedNodeResource="N" sharedResource="N" /><asmResource contextid="3d25274c-a811-4e4b-98b9-69c979fbcb6f" id="539befb0-4d7e-445d-80cd-9d9e16261fb1" xsi_type="nodeRes"><code/>
				<label lang="fr"/>
				<label lang="en"/></asmResource><asmResource contextid="3d25274c-a811-4e4b-98b9-69c979fbcb6f" id="27b5a229-374e-47a4-9009-bdd21c23f12e" xsi_type="context"><text lang="fr"/>
				<text lang="en"/></asmResource><asmResource contextid="3d25274c-a811-4e4b-98b9-69c979fbcb6f" id="d92be1a1-4fef-4133-9075-2a33ce9e8c70" xsi_type="Item"><code>de</code>
  <label lang="fr">Allemand</label>
  <label lang="en">German</label></asmResource></asmContext><asmContext delete="Y" id="a291908f-4c2d-48fd-8b21-506edff8103b" read="Y" role="" submit="Y" write="Y" xsi_type=""><metadata-wad seenoderoles="all" /><metadata-epm/><metadata multilingual-node="Y" multilingual-resource="Y" semantictag="language" sharedNode="N" sharedNodeResource="N" sharedResource="N" /><asmResource contextid="a291908f-4c2d-48fd-8b21-506edff8103b" id="4307ea70-b056-476a-b017-ca057921ab1f" xsi_type="nodeRes"><code/>
				<label lang="fr"/>
				<label lang="en"/></asmResource><asmResource contextid="a291908f-4c2d-48fd-8b21-506edff8103b" id="67f809d8-fbd7-4beb-ba26-4acb3d8eba01" xsi_type="context"><text lang="fr"/>
				<text lang="en"/></asmResource><asmResource contextid="a291908f-4c2d-48fd-8b21-506edff8103b" id="e5728a2a-618c-4856-b0e8-9905ba88b5a7" xsi_type="Item"><code>el</code>
  <label lang="fr">Grec</label>
  <label lang="en">Greek</label></asmResource></asmContext><asmContext delete="Y" id="1c3a2206-126b-401c-9453-91124ea2bdf0" read="Y" role="" submit="Y" write="Y" xsi_type=""><metadata-wad seenoderoles="all" /><metadata-epm/><metadata multilingual-node="Y" multilingual-resource="Y" semantictag="language" sharedNode="N" sharedNodeResource="N" sharedResource="N" /><asmResource contextid="1c3a2206-126b-401c-9453-91124ea2bdf0" id="75fa1b5d-1f29-4a90-a99b-b3a1a55c7181" xsi_type="nodeRes"><code/>
				<label lang="fr"/>
				<label lang="en"/></asmResource><asmResource contextid="1c3a2206-126b-401c-9453-91124ea2bdf0" id="8824392d-30a9-4eb5-8f9b-dbee7dd42c18" xsi_type="context"><text lang="fr"/>
				<text lang="en"/></asmResource><asmResource contextid="1c3a2206-126b-401c-9453-91124ea2bdf0" id="879bcfa4-9e7b-426f-be2f-817a5ee3e058" xsi_type="Item"><code>en</code>
  <label lang="fr">Anglais</label>
  <label lang="en">English</label></asmResource></asmContext><asmContext delete="Y" id="c47e53e7-2514-42a2-b7d1-e96e985e43b1" read="Y" role="" submit="Y" write="Y" xsi_type=""><metadata-wad seenoderoles="all" /><metadata-epm/><metadata multilingual-node="Y" multilingual-resource="Y" semantictag="language" sharedNode="N" sharedNodeResource="N" sharedResource="N" /><asmResource contextid="c47e53e7-2514-42a2-b7d1-e96e985e43b1" id="d53ba176-f2a8-4aae-afa9-aa5afa8a97d2" xsi_type="nodeRes"><code/>
				<label lang="fr"/>
				<label lang="en"/></asmResource><asmResource contextid="c47e53e7-2514-42a2-b7d1-e96e985e43b1" id="eec37a32-bc0c-47c9-81b0-25291ead5f66" xsi_type="context"><text lang="fr"/>
				<text lang="en"/></asmResource><asmResource contextid="c47e53e7-2514-42a2-b7d1-e96e985e43b1" id="24ee6b8e-5fe4-421f-b820-d6874745c771" xsi_type="Item"><code>es</code>
  <label lang="fr">Espagnol</label>
  <label lang="en">Spanish</label></asmResource></asmContext><asmContext delete="Y" id="02398ccc-644d-444e-8fa7-0319ef09ff6b" read="Y" role="" submit="Y" write="Y" xsi_type=""><metadata-wad seenoderoles="all" /><metadata-epm/><metadata multilingual-node="Y" multilingual-resource="Y" semantictag="language" sharedNode="N" sharedNodeResource="N" sharedResource="N" /><asmResource contextid="02398ccc-644d-444e-8fa7-0319ef09ff6b" id="14ccba25-835b-43b9-9c5f-0b4d65c38ce2" xsi_type="nodeRes"><code/>
				<label lang="fr"/>
				<label lang="en"/></asmResource><asmResource contextid="02398ccc-644d-444e-8fa7-0319ef09ff6b" id="f5b05a9e-358a-48df-9389-a36cac5f8f8a" xsi_type="context"><text lang="fr"/>
				<text lang="en"/></asmResource><asmResource contextid="02398ccc-644d-444e-8fa7-0319ef09ff6b" id="cd6e66cd-70a9-48e5-9b81-223a34527b75" xsi_type="Item"><code>et</code>
  <label lang="fr">Estonien</label>
  <label lang="en">Estonian</label></asmResource></asmContext><asmContext delete="Y" id="f3ae8f0d-a737-4169-8ecc-d68d09498808" read="Y" role="" submit="Y" write="Y" xsi_type=""><metadata-wad seenoderoles="all" /><metadata-epm/><metadata multilingual-node="Y" multilingual-resource="Y" semantictag="language" sharedNode="N" sharedNodeResource="N" sharedResource="N" /><asmResource contextid="f3ae8f0d-a737-4169-8ecc-d68d09498808" id="3ed730e7-1499-4150-bbb8-da61910571c4" xsi_type="nodeRes"><code/>
				<label lang="fr"/>
				<label lang="en"/></asmResource><asmResource contextid="f3ae8f0d-a737-4169-8ecc-d68d09498808" id="00a6f9b5-4765-45af-9a00-6bc060c496c7" xsi_type="context"><text lang="fr"/>
				<text lang="en"/></asmResource><asmResource contextid="f3ae8f0d-a737-4169-8ecc-d68d09498808" id="f1d876b2-a831-49d9-bf30-5c6b3f295038" xsi_type="Item"><code>fi</code>
  <label lang="fr">Finnois</label>
  <label lang="en">Finnish</label></asmResource></asmContext><asmContext delete="Y" id="f2cc9c58-26ca-4c3f-8b8b-94b41d3ef29e" read="Y" role="" submit="Y" write="Y" xsi_type=""><metadata-wad seenoderoles="all" /><metadata-epm/><metadata multilingual-node="Y" multilingual-resource="Y" semantictag="language" sharedNode="N" sharedNodeResource="N" sharedResource="N" /><asmResource contextid="f2cc9c58-26ca-4c3f-8b8b-94b41d3ef29e" id="3cf32f77-a5f2-42f9-a28f-0b51602fc802" xsi_type="nodeRes"><code/>
				<label lang="fr"/>
				<label lang="en"/></asmResource><asmResource contextid="f2cc9c58-26ca-4c3f-8b8b-94b41d3ef29e" id="d5079bb3-0e19-4c0a-95d2-ec6411c60852" xsi_type="context"><text lang="fr"/>
				<text lang="en"/></asmResource><asmResource contextid="f2cc9c58-26ca-4c3f-8b8b-94b41d3ef29e" id="03f95dbb-c11b-4d28-8dac-d1bb3e21e094" xsi_type="Item"><code>fr</code>
  <label lang="fr">Français</label>
  <label lang="en">French</label></asmResource></asmContext><asmContext delete="Y" id="b21515e2-4cbf-4c28-bbc0-8993ae938049" read="Y" role="" submit="Y" write="Y" xsi_type=""><metadata-wad seenoderoles="all" /><metadata-epm/><metadata multilingual-node="Y" multilingual-resource="Y" semantictag="language" sharedNode="N" sharedNodeResource="N" sharedResource="N" /><asmResource contextid="b21515e2-4cbf-4c28-bbc0-8993ae938049" id="bb46528c-ab1a-4eda-994c-7cf5d2874d20" xsi_type="nodeRes"><code/>
				<label lang="fr"/>
				<label lang="en"/></asmResource><asmResource contextid="b21515e2-4cbf-4c28-bbc0-8993ae938049" id="3097fa5b-97c3-49f5-a31b-c0ab467135a7" xsi_type="context"><text lang="fr"/>
				<text lang="en"/></asmResource><asmResource contextid="b21515e2-4cbf-4c28-bbc0-8993ae938049" id="975baac6-1418-41e3-8aa8-ee095980cef1" xsi_type="Item"><code>hi</code>
  <label lang="fr">Hindi</label>
  <label lang="en">Hindi</label></asmResource></asmContext><asmContext delete="Y" id="4eef0f50-55b4-4ed2-90ce-5d76a50a132b" read="Y" role="" submit="Y" write="Y" xsi_type=""><metadata-wad seenoderoles="all" /><metadata-epm/><metadata multilingual-node="Y" multilingual-resource="Y" semantictag="language" sharedNode="N" sharedNodeResource="N" sharedResource="N" /><asmResource contextid="4eef0f50-55b4-4ed2-90ce-5d76a50a132b" id="b9255b9f-759c-403e-9eed-b02740ed91d7" xsi_type="nodeRes"><code/>
				<label lang="fr"/>
				<label lang="en"/></asmResource><asmResource contextid="4eef0f50-55b4-4ed2-90ce-5d76a50a132b" id="c0202a6c-30f9-4da9-87eb-0acce35939b9" xsi_type="context"><text lang="fr"/>
				<text lang="en"/></asmResource><asmResource contextid="4eef0f50-55b4-4ed2-90ce-5d76a50a132b" id="e2a98278-75ab-4517-9acb-527ed4184429" xsi_type="Item"><code>hr</code>
  <label lang="fr">Croate</label>
  <label lang="en">Croatian</label></asmResource></asmContext><asmContext delete="Y" id="cc1dea72-2e7b-4825-9c5f-a6ad39d538f5" read="Y" role="" submit="Y" write="Y" xsi_type=""><metadata-wad seenoderoles="all" /><metadata-epm/><metadata multilingual-node="Y" multilingual-resource="Y" semantictag="language" sharedNode="N" sharedNodeResource="N" sharedResource="N" /><asmResource contextid="cc1dea72-2e7b-4825-9c5f-a6ad39d538f5" id="e9fe4abd-5cd9-4dec-863e-c707ae03762e" xsi_type="nodeRes"><code/>
				<label lang="fr"/>
				<label lang="en"/></asmResource><asmResource contextid="cc1dea72-2e7b-4825-9c5f-a6ad39d538f5" id="71ebb2a5-9c59-419c-bd8c-256f76d3ada4" xsi_type="context"><text lang="fr"/>
				<text lang="en"/></asmResource><asmResource contextid="cc1dea72-2e7b-4825-9c5f-a6ad39d538f5" id="89ada38c-5879-4600-a2ff-23b43d27c9d8" xsi_type="Item"><code>hu</code>
  <label lang="fr">Hongrois</label>
  <label lang="en">Hungarian</label></asmResource></asmContext><asmContext delete="Y" id="58c3501d-2198-4dc6-955b-0fcb1dfe806d" read="Y" role="" submit="Y" write="Y" xsi_type=""><metadata-wad seenoderoles="all" /><metadata-epm/><metadata multilingual-node="Y" multilingual-resource="Y" semantictag="language" sharedNode="N" sharedNodeResource="N" sharedResource="N" /><asmResource contextid="58c3501d-2198-4dc6-955b-0fcb1dfe806d" id="c640bf9f-8ac1-47e9-aa26-d237a35c593a" xsi_type="nodeRes"><code/>
				<label lang="fr"/>
				<label lang="en"/></asmResource><asmResource contextid="58c3501d-2198-4dc6-955b-0fcb1dfe806d" id="6aca288e-0a89-4b28-9929-1441975af037" xsi_type="context"><text lang="fr"/>
				<text lang="en"/></asmResource><asmResource contextid="58c3501d-2198-4dc6-955b-0fcb1dfe806d" id="147ad9ca-40a8-4409-83fe-fa79c9a6906d" xsi_type="Item"><code>it</code>
  <label lang="fr">Italien</label>
  <label lang="en">Italian</label></asmResource></asmContext><asmContext delete="Y" id="3d79cab8-3879-4eed-9c1a-80cf148487f0" read="Y" role="" submit="Y" write="Y" xsi_type=""><metadata-wad seenoderoles="all" /><metadata-epm/><metadata multilingual-node="Y" multilingual-resource="Y" semantictag="language" sharedNode="N" sharedNodeResource="N" sharedResource="N" /><asmResource contextid="3d79cab8-3879-4eed-9c1a-80cf148487f0" id="76710311-5ef9-4c96-bcd2-c39fc72f4f13" xsi_type="nodeRes"><code/>
				<label lang="fr"/>
				<label lang="en"/></asmResource><asmResource contextid="3d79cab8-3879-4eed-9c1a-80cf148487f0" id="cf2f8503-2169-418c-a692-6162c55f6708" xsi_type="context"><text lang="fr"/>
				<text lang="en"/></asmResource><asmResource contextid="3d79cab8-3879-4eed-9c1a-80cf148487f0" id="549c7e18-0a4a-4a22-8ce4-2c4b42130097" xsi_type="Item"><code>ja</code>
  <label lang="fr">Japonais</label>
  <label lang="en">Japanese</label></asmResource></asmContext><asmContext delete="Y" id="7b29e05e-06e1-47d1-9bf8-c70913ba2db2" read="Y" role="" submit="Y" write="Y" xsi_type=""><metadata-wad seenoderoles="all" /><metadata-epm/><metadata multilingual-node="Y" multilingual-resource="Y" semantictag="language" sharedNode="N" sharedNodeResource="N" sharedResource="N" /><asmResource contextid="7b29e05e-06e1-47d1-9bf8-c70913ba2db2" id="0a7d7d6f-9a6d-4035-84e6-d5b35dc97c13" xsi_type="nodeRes"><code/>
				<label lang="fr"/>
				<label lang="en"/></asmResource><asmResource contextid="7b29e05e-06e1-47d1-9bf8-c70913ba2db2" id="9c380b34-b64a-4e24-859f-6c0f092963ec" xsi_type="context"><text lang="fr"/>
				<text lang="en"/></asmResource><asmResource contextid="7b29e05e-06e1-47d1-9bf8-c70913ba2db2" id="cd59a8c5-8e8a-408e-a3ea-f9e73d61bcc0" xsi_type="Item"><code>ko</code>
  <label lang="fr">Coréen</label>
  <label lang="en">Korean</label></asmResource></asmContext><asmContext delete="Y" id="9b4bb480-cfb2-42ee-a4a5-3657abe1ba73" read="Y" role="" submit="Y" write="Y" xsi_type=""><metadata-wad seenoderoles="all" /><metadata-epm/><metadata multilingual-node="Y" multilingual-resource="Y" semantictag="language" sharedNode="N" sharedNodeResource="N" sharedResource="N" /><asmResource contextid="9b4bb480-cfb2-42ee-a4a5-3657abe1ba73" id="d67eba67-5565-496e-bfb6-e58ce480d470" xsi_type="nodeRes"><code/>
				<label lang="fr"/>
				<label lang="en"/></asmResource><asmResource contextid="9b4bb480-cfb2-42ee-a4a5-3657abe1ba73" id="b5c0cd19-b957-44d9-9a71-5d2c667f5841" xsi_type="context"><text lang="fr"/>
				<text lang="en"/></asmResource><asmResource contextid="9b4bb480-cfb2-42ee-a4a5-3657abe1ba73" id="ff61cc83-2584-44fe-9c19-0d8d633dbb99" xsi_type="Item"><code>nl</code>
  <label lang="fr">Néerlandais</label>
  <label lang="en">Dutch</label></asmResource></asmContext><asmContext delete="Y" id="869b4a9e-4693-497a-8bd6-05e0cffb0820" read="Y" role="" submit="Y" write="Y" xsi_type=""><metadata-wad seenoderoles="all" /><metadata-epm/><metadata multilingual-node="Y" multilingual-resource="Y" semantictag="language" sharedNode="N" sharedNodeResource="N" sharedResource="N" /><asmResource contextid="869b4a9e-4693-497a-8bd6-05e0cffb0820" id="dedf19c5-f355-46ca-ac98-d5085d095ad7" xsi_type="nodeRes"><code/>
				<label lang="fr"/>
				<label lang="en"/></asmResource><asmResource contextid="869b4a9e-4693-497a-8bd6-05e0cffb0820" id="eacf94d8-b9d8-4c5b-afd2-e91fa050e40d" xsi_type="context"><text lang="fr"/>
				<text lang="en"/></asmResource><asmResource contextid="869b4a9e-4693-497a-8bd6-05e0cffb0820" id="c6ebfafb-0320-4070-9fdb-fdc55fd6f018" xsi_type="Item"><code>no</code>
  <label lang="fr">Norvégien</label>
  <label lang="en">Norwegian</label></asmResource></asmContext><asmContext delete="Y" id="01d355bc-21b1-4a95-86bd-01719aa92f12" read="Y" role="" submit="Y" write="Y" xsi_type=""><metadata-wad seenoderoles="all" /><metadata-epm/><metadata multilingual-node="Y" multilingual-resource="Y" semantictag="language" sharedNode="N" sharedNodeResource="N" sharedResource="N" /><asmResource contextid="01d355bc-21b1-4a95-86bd-01719aa92f12" id="72575dea-1f59-4740-8582-7e0b54385066" xsi_type="nodeRes"><code/>
				<label lang="fr"/>
				<label lang="en"/></asmResource><asmResource contextid="01d355bc-21b1-4a95-86bd-01719aa92f12" id="45553706-862e-4e1e-9b30-e3e27aee5c5a" xsi_type="context"><text lang="fr"/>
				<text lang="en"/></asmResource><asmResource contextid="01d355bc-21b1-4a95-86bd-01719aa92f12" id="6dd76c80-e119-4002-94bd-ae3655ba238a" xsi_type="Item"><code>pl</code>
  <label lang="fr">Polonais</label>
  <label lang="en">Polish</label></asmResource></asmContext><asmContext delete="Y" id="af7f2ef4-d38f-4612-bf30-23b7708747cb" read="Y" role="" submit="Y" write="Y" xsi_type=""><metadata-wad seenoderoles="all" /><metadata-epm/><metadata multilingual-node="Y" multilingual-resource="Y" semantictag="language" sharedNode="N" sharedNodeResource="N" sharedResource="N" /><asmResource contextid="af7f2ef4-d38f-4612-bf30-23b7708747cb" id="1fb1e47e-9345-4b91-868f-d75a54e8fb24" xsi_type="nodeRes"><code/>
				<label lang="fr"/>
				<label lang="en"/></asmResource><asmResource contextid="af7f2ef4-d38f-4612-bf30-23b7708747cb" id="73b53ad1-ca42-41bd-8697-ec4fddc22b3e" xsi_type="context"><text lang="fr"/>
				<text lang="en"/></asmResource><asmResource contextid="af7f2ef4-d38f-4612-bf30-23b7708747cb" id="307931a9-ac06-4e04-b5fd-b82c7fd9c8f3" xsi_type="Item"><code>pt</code>
  <label lang="fr">Portugais</label>
  <label lang="en">Portuguese</label></asmResource></asmContext><asmContext delete="Y" id="940fd890-8b60-4a01-a142-cdaaf94d1ca8" read="Y" role="" submit="Y" write="Y" xsi_type=""><metadata-wad seenoderoles="all" /><metadata-epm/><metadata multilingual-node="Y" multilingual-resource="Y" semantictag="language" sharedNode="N" sharedNodeResource="N" sharedResource="N" /><asmResource contextid="940fd890-8b60-4a01-a142-cdaaf94d1ca8" id="70eee210-787d-42b4-8b13-a1ca3f78d31b" xsi_type="nodeRes"><code/>
				<label lang="fr"/>
				<label lang="en"/></asmResource><asmResource contextid="940fd890-8b60-4a01-a142-cdaaf94d1ca8" id="bc0a0261-37f1-49f1-b679-b3a5f766af75" xsi_type="context"><text lang="fr"/>
				<text lang="en"/></asmResource><asmResource contextid="940fd890-8b60-4a01-a142-cdaaf94d1ca8" id="cadb6871-4ed6-4c68-a0ce-4bc6a6dabd24" xsi_type="Item"><code>sl</code>
  <label lang="fr">Slovéne</label>
  <label lang="en">Slovene</label></asmResource></asmContext><asmContext delete="Y" id="a8e95612-e359-419b-9bd1-ed63bbd1bdca" read="Y" role="" submit="Y" write="Y" xsi_type=""><metadata-wad seenoderoles="all" /><metadata-epm/><metadata multilingual-node="Y" multilingual-resource="Y" semantictag="language" sharedNode="N" sharedNodeResource="N" sharedResource="N" /><asmResource contextid="a8e95612-e359-419b-9bd1-ed63bbd1bdca" id="fe12a0f8-6040-479d-98a2-f9c6c2b9b31c" xsi_type="nodeRes"><code/>
				<label lang="fr"/>
				<label lang="en"/></asmResource><asmResource contextid="a8e95612-e359-419b-9bd1-ed63bbd1bdca" id="a079f103-695d-4839-b009-f699ebfd0b54" xsi_type="context"><text lang="fr"/>
				<text lang="en"/></asmResource><asmResource contextid="a8e95612-e359-419b-9bd1-ed63bbd1bdca" id="745b8b1b-bafc-4d6a-a166-1cb727997d70" xsi_type="Item"><code>ro</code>
  <label lang="fr">Roumain</label>
  <label lang="en">Romanian</label></asmResource></asmContext><asmContext delete="Y" id="0e375b0c-a965-4595-9990-910a44a6a7ac" read="Y" role="" submit="Y" write="Y" xsi_type=""><metadata-wad seenoderoles="all" /><metadata-epm/><metadata multilingual-node="Y" multilingual-resource="Y" semantictag="language" sharedNode="N" sharedNodeResource="N" sharedResource="N" /><asmResource contextid="0e375b0c-a965-4595-9990-910a44a6a7ac" id="332cdc02-05e1-4762-9655-497bd6887a87" xsi_type="nodeRes"><code/>
				<label lang="fr"/>
				<label lang="en"/></asmResource><asmResource contextid="0e375b0c-a965-4595-9990-910a44a6a7ac" id="fc8e3484-b6de-4bc2-b240-4874efd404c8" xsi_type="context"><text lang="fr"/>
				<text lang="en"/></asmResource><asmResource contextid="0e375b0c-a965-4595-9990-910a44a6a7ac" id="0e56baf9-2cc3-4300-abdd-974d44a20588" xsi_type="Item"><code>ru</code>
  <label lang="fr">Russe</label>
  <label lang="en">Russian</label></asmResource></asmContext><asmContext delete="Y" id="a6ce39c3-0dc1-4121-8e94-860b1054268c" read="Y" role="" submit="Y" write="Y" xsi_type=""><metadata-wad seenoderoles="all" /><metadata-epm/><metadata multilingual-node="Y" multilingual-resource="Y" semantictag="language" sharedNode="N" sharedNodeResource="N" sharedResource="N" /><asmResource contextid="a6ce39c3-0dc1-4121-8e94-860b1054268c" id="4ae9fdcb-44de-4529-8296-06abf88a563c" xsi_type="nodeRes"><code/>
				<label lang="fr"/>
				<label lang="en"/></asmResource><asmResource contextid="a6ce39c3-0dc1-4121-8e94-860b1054268c" id="14bd10e6-97cb-4773-b26c-9dc9833df8cf" xsi_type="context"><text lang="fr"/>
				<text lang="en"/></asmResource><asmResource contextid="a6ce39c3-0dc1-4121-8e94-860b1054268c" id="fbd87ba0-350f-4d7c-801f-f12ed437240e" xsi_type="Item"><code>sv</code>
  <label lang="fr">Suédois</label>
  <label lang="en">Swedish</label></asmResource></asmContext><asmContext delete="Y" id="81060fde-5169-4574-a29d-62bdd5a2ae7b" read="Y" role="" submit="Y" write="Y" xsi_type=""><metadata-wad seenoderoles="all" /><metadata-epm/><metadata multilingual-node="Y" multilingual-resource="Y" semantictag="language" sharedNode="N" sharedNodeResource="N" sharedResource="N" /><asmResource contextid="81060fde-5169-4574-a29d-62bdd5a2ae7b" id="3d0be2d2-e874-41b9-97d2-945c0b72a2e3" xsi_type="nodeRes"><code/>
				<label lang="fr"/>
				<label lang="en"/></asmResource><asmResource contextid="81060fde-5169-4574-a29d-62bdd5a2ae7b" id="ad4b2d8e-5052-487d-b33f-c3a84ffa14ea" xsi_type="context"><text lang="fr"/>
				<text lang="en"/></asmResource><asmResource contextid="81060fde-5169-4574-a29d-62bdd5a2ae7b" id="8d8c8bd0-028e-4051-9a7f-504aa28455d5" xsi_type="Item"><code>tr</code>
  <label lang="fr">Turc</label>
  <label lang="en">Turkish</label></asmResource></asmContext><asmContext delete="Y" id="81d02079-0dc2-49fe-bd94-f9685202850e" read="Y" role="" submit="Y" write="Y" xsi_type=""><metadata-wad seenoderoles="all" /><metadata-epm/><metadata multilingual-node="Y" multilingual-resource="Y" semantictag="language" sharedNode="N" sharedNodeResource="N" sharedResource="N" /><asmResource contextid="81d02079-0dc2-49fe-bd94-f9685202850e" id="e9e55119-3abe-4e6d-acaf-db640f2ad87b" xsi_type="nodeRes"><code/>
				<label lang="fr"/>
				<label lang="en"/></asmResource><asmResource contextid="81d02079-0dc2-49fe-bd94-f9685202850e" id="501b911c-d4e2-40a2-90d5-7a90b680fe87" xsi_type="context"><text lang="fr"/>
				<text lang="en"/></asmResource><asmResource contextid="81d02079-0dc2-49fe-bd94-f9685202850e" id="32bcc81f-4b39-488c-bf8c-0db659c2dcb3" xsi_type="Item"><code>vi</code>
  <label lang="fr">Vietnamien</label>
  <label lang="en">Vietnamese</label></asmResource></asmContext><asmContext delete="Y" id="2fc96437-2bfe-488b-87c5-00f3affad5c6" read="Y" role="" submit="Y" write="Y" xsi_type=""><metadata-wad seenoderoles="all" /><metadata-epm/><metadata multilingual-node="Y" multilingual-resource="Y" semantictag="language" sharedNode="N" sharedNodeResource="N" sharedResource="N" /><asmResource contextid="2fc96437-2bfe-488b-87c5-00f3affad5c6" id="c23b6cc8-520b-434b-a71c-8ddc20cfddde" xsi_type="nodeRes"><code/>
				<label lang="fr"/>
				<label lang="en"/></asmResource><asmResource contextid="2fc96437-2bfe-488b-87c5-00f3affad5c6" id="d57c154c-0adc-4f45-9e49-9c667156939e" xsi_type="context"><text lang="fr"/>
				<text lang="en"/></asmResource><asmResource contextid="2fc96437-2bfe-488b-87c5-00f3affad5c6" id="0b37b001-4ea4-4e06-891c-4136df84b83a" xsi_type="Item"><code>zh</code>
  <label lang="fr">Chinois</label>
  <label lang="en">Chinese</label></asmResource></asmContext></asmRoot></portfolio>