<?xml version="1.0" encoding="UTF-8"?><portfolio code="0" id="f4003608-d2c4-4f1b-9c51-8b58ad26feff" owner="Y"><version>4</version><asmRoot delete="Y" id="53aa89c4-3e6b-4ded-bb96-18bc323c9f01" read="Y" role="" submit="Y" write="Y" xsi_type=""><metadata-wad seenoderoles="all" /><metadata-epm/><metadata multilingual-node="Y" public="Y" semantictag="root" sharedNode="N" sharedResource="N" /><asmResource contextid="53aa89c4-3e6b-4ded-bb96-18bc323c9f01" id="5066b56a-ce59-4afb-aaa7-ded760bd0566" xsi_type="nodeRes"><code>europass-ISO-Languages</code>
  <label lang="en">ISO-Languages</label>
  <label lang="fr">EUROPASS - ISO-Langues</label></asmResource><asmResource contextid="53aa89c4-3e6b-4ded-bb96-18bc323c9f01" id="c5d96a62-4b15-4cc0-8362-578affc84400" xsi_type="context"><text lang="en"/>
  <text lang="fr"/></asmResource><asmContext delete="Y" id="a027e50d-b208-4236-8966-6b3bc97e1546" read="Y" role="" submit="Y" write="Y" xsi_type=""><metadata-wad seenoderoles="all" /><metadata-epm/><metadata multilingual-node="Y" multilingual-resource="Y" semantictag="language" sharedNode="N" sharedNodeResource="N" sharedResource="N" /><asmResource contextid="a027e50d-b208-4236-8966-6b3bc97e1546" id="85143645-20f1-448a-934d-565f11fd1ca5" xsi_type="nodeRes"><code/><label lang="fr"/><label lang="en"/></asmResource><asmResource contextid="a027e50d-b208-4236-8966-6b3bc97e1546" id="245d611a-6f61-433c-9177-29ff27e2acf3" xsi_type="context"><text lang="fr"/><text lang="en"/></asmResource><asmResource contextid="a027e50d-b208-4236-8966-6b3bc97e1546" id="56557192-15f6-4ecd-aa53-d48fffa8fd12" xsi_type="Item"><code>ar</code><label lang="fr">Arabe</label><label lang="en">Arabic</label></asmResource></asmContext><asmContext delete="Y" id="905c46cd-434c-4e3d-8173-c151a3680a08" read="Y" role="" submit="Y" write="Y" xsi_type=""><metadata-wad seenoderoles="all" /><metadata-epm/><metadata multilingual-node="Y" multilingual-resource="Y" semantictag="language" sharedNode="N" sharedNodeResource="N" sharedResource="N" /><asmResource contextid="905c46cd-434c-4e3d-8173-c151a3680a08" id="3a3a1b91-b590-4b32-a2bd-826a47449e42" xsi_type="nodeRes"><code/><label lang="fr"/><label lang="en"/></asmResource><asmResource contextid="905c46cd-434c-4e3d-8173-c151a3680a08" id="a6bee582-5756-4b88-8e26-1b78b940047c" xsi_type="context"><text lang="fr"/><text lang="en"/></asmResource><asmResource contextid="905c46cd-434c-4e3d-8173-c151a3680a08" id="8f0f7d91-4a32-48ec-8a20-2eb12c55110a" xsi_type="Item"><code>bg</code><label lang="fr">Bulgare</label><label lang="en">Bulgarian</label></asmResource></asmContext><asmContext delete="Y" id="b3998c5b-a503-4a4e-b6f6-48adc49a0eb8" read="Y" role="" submit="Y" write="Y" xsi_type=""><metadata-wad seenoderoles="all" /><metadata-epm/><metadata multilingual-node="Y" multilingual-resource="Y" semantictag="language" sharedNode="N" sharedNodeResource="N" sharedResource="N" /><asmResource contextid="b3998c5b-a503-4a4e-b6f6-48adc49a0eb8" id="6cac8b32-89b0-4270-b01b-61d4b7e687e4" xsi_type="nodeRes"><code/><label lang="fr"/><label lang="en"/></asmResource><asmResource contextid="b3998c5b-a503-4a4e-b6f6-48adc49a0eb8" id="1134109f-0519-4ea1-9dbc-1dae0d157333" xsi_type="context"><text lang="fr"/><text lang="en"/></asmResource><asmResource contextid="b3998c5b-a503-4a4e-b6f6-48adc49a0eb8" id="20522c1b-59de-4ba3-bb3e-af5f170a3ad0" xsi_type="Item"><code>cs</code><label lang="fr">Tchèque</label><label lang="en">Czech</label></asmResource></asmContext><asmContext delete="Y" id="ee1d53d1-13ad-4d89-a439-a62be2b573dd" read="Y" role="" submit="Y" write="Y" xsi_type=""><metadata-wad seenoderoles="all" /><metadata-epm/><metadata multilingual-node="Y" multilingual-resource="Y" semantictag="language" sharedNode="N" sharedNodeResource="N" sharedResource="N" /><asmResource contextid="ee1d53d1-13ad-4d89-a439-a62be2b573dd" id="66357741-6c68-4c0c-81ad-2c0afaf32d8f" xsi_type="nodeRes"><code/><label lang="fr"/><label lang="en"/></asmResource><asmResource contextid="ee1d53d1-13ad-4d89-a439-a62be2b573dd" id="5f9fa489-97ca-4cc6-ab91-08213298c976" xsi_type="context"><text lang="fr"/><text lang="en"/></asmResource><asmResource contextid="ee1d53d1-13ad-4d89-a439-a62be2b573dd" id="c8875495-76eb-4620-bfb7-ae561f87e131" xsi_type="Item"><code>da</code><label lang="fr">Danois</label><label lang="en">Danish</label></asmResource></asmContext><asmContext delete="Y" id="dc58038e-4d15-4722-a623-80a9093a4773" read="Y" role="" submit="Y" write="Y" xsi_type=""><metadata-wad seenoderoles="all" /><metadata-epm/><metadata multilingual-node="Y" multilingual-resource="Y" semantictag="language" sharedNode="N" sharedNodeResource="N" sharedResource="N" /><asmResource contextid="dc58038e-4d15-4722-a623-80a9093a4773" id="7021cd17-7160-4958-874e-356245250ddf" xsi_type="nodeRes"><code/><label lang="fr"/><label lang="en"/></asmResource><asmResource contextid="dc58038e-4d15-4722-a623-80a9093a4773" id="39ae2c76-2ec6-459d-a23f-fab7b5b50735" xsi_type="context"><text lang="fr"/><text lang="en"/></asmResource><asmResource contextid="dc58038e-4d15-4722-a623-80a9093a4773" id="593f4fcf-e4a7-45f5-95fe-9c3e08099027" xsi_type="Item"><code>de</code><label lang="fr">Allemand</label><label lang="en">German</label></asmResource></asmContext><asmContext delete="Y" id="ab4fc412-6c72-4b1f-b90c-224c98d49007" read="Y" role="" submit="Y" write="Y" xsi_type=""><metadata-wad seenoderoles="all" /><metadata-epm/><metadata multilingual-node="Y" multilingual-resource="Y" semantictag="language" sharedNode="N" sharedNodeResource="N" sharedResource="N" /><asmResource contextid="ab4fc412-6c72-4b1f-b90c-224c98d49007" id="d922cfb9-77f8-40a6-b6a3-6fd5ef2f17e5" xsi_type="nodeRes"><code/><label lang="fr"/><label lang="en"/></asmResource><asmResource contextid="ab4fc412-6c72-4b1f-b90c-224c98d49007" id="df59d0e5-c400-425c-ba07-57e93013ff05" xsi_type="context"><text lang="fr"/><text lang="en"/></asmResource><asmResource contextid="ab4fc412-6c72-4b1f-b90c-224c98d49007" id="3475974b-e748-4136-bcf0-93c7e3aa51e4" xsi_type="Item"><code>el</code><label lang="fr">Grec</label><label lang="en">Greek</label></asmResource></asmContext><asmContext delete="Y" id="0f20c3e8-84fd-4a05-bb2b-fe9744058b52" read="Y" role="" submit="Y" write="Y" xsi_type=""><metadata-wad seenoderoles="all" /><metadata-epm/><metadata multilingual-node="Y" multilingual-resource="Y" semantictag="language" sharedNode="N" sharedNodeResource="N" sharedResource="N" /><asmResource contextid="0f20c3e8-84fd-4a05-bb2b-fe9744058b52" id="361d910c-7180-41dc-a708-ea100bf4fb4f" xsi_type="nodeRes"><code/><label lang="fr"/><label lang="en"/></asmResource><asmResource contextid="0f20c3e8-84fd-4a05-bb2b-fe9744058b52" id="287a8e36-204d-4749-b229-58d3e047340f" xsi_type="context"><text lang="fr"/><text lang="en"/></asmResource><asmResource contextid="0f20c3e8-84fd-4a05-bb2b-fe9744058b52" id="eb0b16a9-d0a4-4622-adb7-dc80f95bf9a2" xsi_type="Item"><code>en</code><label lang="fr">Anglais</label><label lang="en">English</label></asmResource></asmContext><asmContext delete="Y" id="781e1480-3473-4777-b4ac-ff07ab97457e" read="Y" role="" submit="Y" write="Y" xsi_type=""><metadata-wad seenoderoles="all" /><metadata-epm/><metadata multilingual-node="Y" multilingual-resource="Y" semantictag="language" sharedNode="N" sharedNodeResource="N" sharedResource="N" /><asmResource contextid="781e1480-3473-4777-b4ac-ff07ab97457e" id="8e21ef00-4a0e-40f3-9ebb-f50400fc1c8a" xsi_type="nodeRes"><code/><label lang="fr"/><label lang="en"/></asmResource><asmResource contextid="781e1480-3473-4777-b4ac-ff07ab97457e" id="e98264da-34ad-4879-bb31-d4a54ce7b372" xsi_type="context"><text lang="fr"/><text lang="en"/></asmResource><asmResource contextid="781e1480-3473-4777-b4ac-ff07ab97457e" id="10e49f5f-0eb1-4135-8d49-757c6b3b5267" xsi_type="Item"><code>es</code><label lang="fr">Espagnol</label><label lang="en">Spanish</label></asmResource></asmContext><asmContext delete="Y" id="b4c67f23-5680-4623-b21b-483e98a79847" read="Y" role="" submit="Y" write="Y" xsi_type=""><metadata-wad seenoderoles="all" /><metadata-epm/><metadata multilingual-node="Y" multilingual-resource="Y" semantictag="language" sharedNode="N" sharedNodeResource="N" sharedResource="N" /><asmResource contextid="b4c67f23-5680-4623-b21b-483e98a79847" id="2dc5cf9e-e86b-49df-9a61-2867fc6b895e" xsi_type="nodeRes"><code/><label lang="fr"/><label lang="en"/></asmResource><asmResource contextid="b4c67f23-5680-4623-b21b-483e98a79847" id="93cc1462-cb02-413f-885a-e234ebe12a33" xsi_type="context"><text lang="fr"/><text lang="en"/></asmResource><asmResource contextid="b4c67f23-5680-4623-b21b-483e98a79847" id="48583d0b-35c1-400b-81b8-b334bf075fb1" xsi_type="Item"><code>et</code><label lang="fr">Estonien</label><label lang="en">Estonian</label></asmResource></asmContext><asmContext delete="Y" id="11f7eb48-d5d0-4654-8de6-8c8f786d7100" read="Y" role="" submit="Y" write="Y" xsi_type=""><metadata-wad seenoderoles="all" /><metadata-epm/><metadata multilingual-node="Y" multilingual-resource="Y" semantictag="language" sharedNode="N" sharedNodeResource="N" sharedResource="N" /><asmResource contextid="11f7eb48-d5d0-4654-8de6-8c8f786d7100" id="baad0b31-23f4-4318-8605-2054a33668d7" xsi_type="nodeRes"><code/><label lang="fr"/><label lang="en"/></asmResource><asmResource contextid="11f7eb48-d5d0-4654-8de6-8c8f786d7100" id="c3381fee-e9d5-4c30-b373-5ce1ab60ac65" xsi_type="context"><text lang="fr"/><text lang="en"/></asmResource><asmResource contextid="11f7eb48-d5d0-4654-8de6-8c8f786d7100" id="162e5293-ebc2-4634-93ea-883d747cfa20" xsi_type="Item"><code>fi</code><label lang="fr">Finnois</label><label lang="en">Finnish</label></asmResource></asmContext><asmContext delete="Y" id="c51d7315-79d6-41f2-b32f-304806617699" read="Y" role="" submit="Y" write="Y" xsi_type=""><metadata-wad seenoderoles="all" /><metadata-epm/><metadata multilingual-node="Y" multilingual-resource="Y" semantictag="language" sharedNode="N" sharedNodeResource="N" sharedResource="N" /><asmResource contextid="c51d7315-79d6-41f2-b32f-304806617699" id="ab485ee5-cbcf-4ef6-b220-14cf54f9ee7d" xsi_type="nodeRes"><code/><label lang="fr"/><label lang="en"/></asmResource><asmResource contextid="c51d7315-79d6-41f2-b32f-304806617699" id="12ecf1b1-474a-4ae3-98c8-a027978f15f6" xsi_type="context"><text lang="fr"/><text lang="en"/></asmResource><asmResource contextid="c51d7315-79d6-41f2-b32f-304806617699" id="93f9cd34-a114-4668-bce1-34a603b10c89" xsi_type="Item"><code>fr</code><label lang="fr">Français</label><label lang="en">French</label></asmResource></asmContext><asmContext delete="Y" id="26c13b30-c017-40e1-90a6-617b5eaf0b63" read="Y" role="" submit="Y" write="Y" xsi_type=""><metadata-wad seenoderoles="all" /><metadata-epm/><metadata multilingual-node="Y" multilingual-resource="Y" semantictag="language" sharedNode="N" sharedNodeResource="N" sharedResource="N" /><asmResource contextid="26c13b30-c017-40e1-90a6-617b5eaf0b63" id="994eb353-28b4-433e-8026-43029c7d6045" xsi_type="nodeRes"><code/><label lang="fr"/><label lang="en"/></asmResource><asmResource contextid="26c13b30-c017-40e1-90a6-617b5eaf0b63" id="27cf28fb-2ead-4a85-a040-17f4c4755c25" xsi_type="context"><text lang="fr"/><text lang="en"/></asmResource><asmResource contextid="26c13b30-c017-40e1-90a6-617b5eaf0b63" id="3fa8d11e-3b55-4d5d-9ab2-10a29dcda422" xsi_type="Item"><code>hi</code><label lang="fr">Hindi</label><label lang="en">Hindi</label></asmResource></asmContext><asmContext delete="Y" id="97c705f1-8903-4793-88f6-68c7eb9c896b" read="Y" role="" submit="Y" write="Y" xsi_type=""><metadata-wad seenoderoles="all" /><metadata-epm/><metadata multilingual-node="Y" multilingual-resource="Y" semantictag="language" sharedNode="N" sharedNodeResource="N" sharedResource="N" /><asmResource contextid="97c705f1-8903-4793-88f6-68c7eb9c896b" id="104964c7-44f3-4d96-94f9-c3203b26f665" xsi_type="nodeRes"><code/><label lang="fr"/><label lang="en"/></asmResource><asmResource contextid="97c705f1-8903-4793-88f6-68c7eb9c896b" id="fdac77b6-29ac-4c9e-9b08-81ac9b29eba8" xsi_type="context"><text lang="fr"/><text lang="en"/></asmResource><asmResource contextid="97c705f1-8903-4793-88f6-68c7eb9c896b" id="a4c7fe74-8528-4263-9c25-9600c1a09c40" xsi_type="Item"><code>hr</code><label lang="fr">Croate</label><label lang="en">Croatian</label></asmResource></asmContext><asmContext delete="Y" id="6bb3d4a4-604e-4abb-80aa-3091a920f7f2" read="Y" role="" submit="Y" write="Y" xsi_type=""><metadata-wad seenoderoles="all" /><metadata-epm/><metadata multilingual-node="Y" multilingual-resource="Y" semantictag="language" sharedNode="N" sharedNodeResource="N" sharedResource="N" /><asmResource contextid="6bb3d4a4-604e-4abb-80aa-3091a920f7f2" id="85038148-a06d-4bdc-8c9d-3ff5cd115df7" xsi_type="nodeRes"><code/><label lang="fr"/><label lang="en"/></asmResource><asmResource contextid="6bb3d4a4-604e-4abb-80aa-3091a920f7f2" id="d96dac11-e283-43a8-af34-3e3e012f647c" xsi_type="context"><text lang="fr"/><text lang="en"/></asmResource><asmResource contextid="6bb3d4a4-604e-4abb-80aa-3091a920f7f2" id="868c7edd-c850-48bb-88f3-57a8425ce23f" xsi_type="Item"><code>hu</code><label lang="fr">Hongrois</label><label lang="en">Hungarian</label></asmResource></asmContext><asmContext delete="Y" id="4614d066-7252-43b7-90b2-6da410520c0a" read="Y" role="" submit="Y" write="Y" xsi_type=""><metadata-wad seenoderoles="all" /><metadata-epm/><metadata multilingual-node="Y" multilingual-resource="Y" semantictag="language" sharedNode="N" sharedNodeResource="N" sharedResource="N" /><asmResource contextid="4614d066-7252-43b7-90b2-6da410520c0a" id="f56f3691-d2f9-44b2-96c8-fc548e58041c" xsi_type="nodeRes"><code/><label lang="fr"/><label lang="en"/></asmResource><asmResource contextid="4614d066-7252-43b7-90b2-6da410520c0a" id="bddba32b-9660-4c6f-aedf-169df2dc72b3" xsi_type="context"><text lang="fr"/><text lang="en"/></asmResource><asmResource contextid="4614d066-7252-43b7-90b2-6da410520c0a" id="6ec9dfae-adad-42d4-8f6e-f9ccb5b2879e" xsi_type="Item"><code>it</code><label lang="fr">Italien</label><label lang="en">Italian</label></asmResource></asmContext><asmContext delete="Y" id="ef6b8061-b0cc-4598-ba69-7fc5d5274dd1" read="Y" role="" submit="Y" write="Y" xsi_type=""><metadata-wad seenoderoles="all" /><metadata-epm/><metadata multilingual-node="Y" multilingual-resource="Y" semantictag="language" sharedNode="N" sharedNodeResource="N" sharedResource="N" /><asmResource contextid="ef6b8061-b0cc-4598-ba69-7fc5d5274dd1" id="46a22ec1-9103-45ec-83de-7d792fc77add" xsi_type="nodeRes"><code/><label lang="fr"/><label lang="en"/></asmResource><asmResource contextid="ef6b8061-b0cc-4598-ba69-7fc5d5274dd1" id="d1b86e14-a389-4d79-b73c-eb5d4f602e23" xsi_type="context"><text lang="fr"/><text lang="en"/></asmResource><asmResource contextid="ef6b8061-b0cc-4598-ba69-7fc5d5274dd1" id="a476c0d7-24d7-4a07-99d8-7cfd5bda5e9c" xsi_type="Item"><code>ja</code><label lang="fr">Japonais</label><label lang="en">Japanese</label></asmResource></asmContext><asmContext delete="Y" id="6b1ba082-fe23-4af3-af53-3b9c77fb6279" read="Y" role="" submit="Y" write="Y" xsi_type=""><metadata-wad seenoderoles="all" /><metadata-epm/><metadata multilingual-node="Y" multilingual-resource="Y" semantictag="language" sharedNode="N" sharedNodeResource="N" sharedResource="N" /><asmResource contextid="6b1ba082-fe23-4af3-af53-3b9c77fb6279" id="4079af96-bc6f-42cd-b209-cacc8cb09162" xsi_type="nodeRes"><code/><label lang="fr"/><label lang="en"/></asmResource><asmResource contextid="6b1ba082-fe23-4af3-af53-3b9c77fb6279" id="2f6670e9-8b13-4a7b-9fc4-aa71540574ed" xsi_type="context"><text lang="fr"/><text lang="en"/></asmResource><asmResource contextid="6b1ba082-fe23-4af3-af53-3b9c77fb6279" id="e832fd03-2325-4fc0-b1ef-8108902badd1" xsi_type="Item"><code>ko</code><label lang="fr">Coréen</label><label lang="en">Korean</label></asmResource></asmContext><asmContext delete="Y" id="8ce1365e-a693-47b1-8446-a67de46d0546" read="Y" role="" submit="Y" write="Y" xsi_type=""><metadata-wad seenoderoles="all" /><metadata-epm/><metadata multilingual-node="Y" multilingual-resource="Y" semantictag="language" sharedNode="N" sharedNodeResource="N" sharedResource="N" /><asmResource contextid="8ce1365e-a693-47b1-8446-a67de46d0546" id="125cca0d-5ee4-44ed-9bf2-8e280138c87d" xsi_type="nodeRes"><code/><label lang="fr"/><label lang="en"/></asmResource><asmResource contextid="8ce1365e-a693-47b1-8446-a67de46d0546" id="54dbce3b-140a-4ee8-a6e9-786b4e81eb0a" xsi_type="context"><text lang="fr"/><text lang="en"/></asmResource><asmResource contextid="8ce1365e-a693-47b1-8446-a67de46d0546" id="e2ea50e3-da02-4818-b2d3-6d1ab97fbabf" xsi_type="Item"><code>nl</code><label lang="fr">Néerlandais</label><label lang="en">Dutch</label></asmResource></asmContext><asmContext delete="Y" id="979d1404-37d8-47b0-9e5b-836b5d09c67d" read="Y" role="" submit="Y" write="Y" xsi_type=""><metadata-wad seenoderoles="all" /><metadata-epm/><metadata multilingual-node="Y" multilingual-resource="Y" semantictag="language" sharedNode="N" sharedNodeResource="N" sharedResource="N" /><asmResource contextid="979d1404-37d8-47b0-9e5b-836b5d09c67d" id="fa2575fe-29bc-49e3-a1ea-6f09bbe61acc" xsi_type="nodeRes"><code/><label lang="fr"/><label lang="en"/></asmResource><asmResource contextid="979d1404-37d8-47b0-9e5b-836b5d09c67d" id="436e4c69-600f-445f-aa1e-586c75a238d2" xsi_type="context"><text lang="fr"/><text lang="en"/></asmResource><asmResource contextid="979d1404-37d8-47b0-9e5b-836b5d09c67d" id="86bc1c9b-7c2b-45c4-ae0d-959a3c413b7e" xsi_type="Item"><code>no</code><label lang="fr">Norvégien</label><label lang="en">Norwegian</label></asmResource></asmContext><asmContext delete="Y" id="e6a06879-f88e-41bd-80fb-a3a40dc721a2" read="Y" role="" submit="Y" write="Y" xsi_type=""><metadata-wad seenoderoles="all" /><metadata-epm/><metadata multilingual-node="Y" multilingual-resource="Y" semantictag="language" sharedNode="N" sharedNodeResource="N" sharedResource="N" /><asmResource contextid="e6a06879-f88e-41bd-80fb-a3a40dc721a2" id="8c993062-fcf3-47e6-b27a-65ce5f107f4e" xsi_type="nodeRes"><code/><label lang="fr"/><label lang="en"/></asmResource><asmResource contextid="e6a06879-f88e-41bd-80fb-a3a40dc721a2" id="8cd0c352-f495-4299-90cd-3d2f572d6ba6" xsi_type="context"><text lang="fr"/><text lang="en"/></asmResource><asmResource contextid="e6a06879-f88e-41bd-80fb-a3a40dc721a2" id="58359ba5-9736-458d-b220-36ee54c125e0" xsi_type="Item"><code>pl</code><label lang="fr">Polonais</label><label lang="en">Polish</label></asmResource></asmContext><asmContext delete="Y" id="3e7866a9-0a0a-4921-9baa-9fa89677ef90" read="Y" role="" submit="Y" write="Y" xsi_type=""><metadata-wad seenoderoles="all" /><metadata-epm/><metadata multilingual-node="Y" multilingual-resource="Y" semantictag="language" sharedNode="N" sharedNodeResource="N" sharedResource="N" /><asmResource contextid="3e7866a9-0a0a-4921-9baa-9fa89677ef90" id="d3004e8f-2e25-494d-bd06-9f13cd6723c2" xsi_type="nodeRes"><code/><label lang="fr"/><label lang="en"/></asmResource><asmResource contextid="3e7866a9-0a0a-4921-9baa-9fa89677ef90" id="cec4f38e-0929-4f71-89c2-692de3af2c83" xsi_type="context"><text lang="fr"/><text lang="en"/></asmResource><asmResource contextid="3e7866a9-0a0a-4921-9baa-9fa89677ef90" id="446c01ee-5876-47c3-9cb2-2eb8d4df0437" xsi_type="Item"><code>pt</code><label lang="fr">Portugais</label><label lang="en">Portuguese</label></asmResource></asmContext><asmContext delete="Y" id="11045d51-c3ed-448c-9c46-d39e296a6e54" read="Y" role="" submit="Y" write="Y" xsi_type=""><metadata-wad seenoderoles="all" /><metadata-epm/><metadata multilingual-node="Y" multilingual-resource="Y" semantictag="language" sharedNode="N" sharedNodeResource="N" sharedResource="N" /><asmResource contextid="11045d51-c3ed-448c-9c46-d39e296a6e54" id="df0fea70-69e7-4e28-96a9-ea607056d209" xsi_type="nodeRes"><code/><label lang="fr"/><label lang="en"/></asmResource><asmResource contextid="11045d51-c3ed-448c-9c46-d39e296a6e54" id="256dedbe-c2a2-4030-a961-fbf53cab2172" xsi_type="context"><text lang="fr"/><text lang="en"/></asmResource><asmResource contextid="11045d51-c3ed-448c-9c46-d39e296a6e54" id="a4d4c0bc-ace3-4a17-a7e8-673213385c3e" xsi_type="Item"><code>sl</code><label lang="fr">Slovéne</label><label lang="en">Slovene</label></asmResource></asmContext><asmContext delete="Y" id="bca709f7-fbd8-4a0e-959b-b98a14312cca" read="Y" role="" submit="Y" write="Y" xsi_type=""><metadata-wad seenoderoles="all" /><metadata-epm/><metadata multilingual-node="Y" multilingual-resource="Y" semantictag="language" sharedNode="N" sharedNodeResource="N" sharedResource="N" /><asmResource contextid="bca709f7-fbd8-4a0e-959b-b98a14312cca" id="8fa6ac47-09e4-431a-8ddf-d575fdb2b32d" xsi_type="nodeRes"><code/><label lang="fr"/><label lang="en"/></asmResource><asmResource contextid="bca709f7-fbd8-4a0e-959b-b98a14312cca" id="041257fd-8260-4f57-83ee-e90034429c74" xsi_type="context"><text lang="fr"/><text lang="en"/></asmResource><asmResource contextid="bca709f7-fbd8-4a0e-959b-b98a14312cca" id="5c9c92da-285f-4f70-a7f3-0a182f9f05e1" xsi_type="Item"><code>ro</code><label lang="fr">Roumain</label><label lang="en">Romanian</label></asmResource></asmContext><asmContext delete="Y" id="4c91fc5b-8785-4a7c-abeb-4ee9d1f4bc63" read="Y" role="" submit="Y" write="Y" xsi_type=""><metadata-wad seenoderoles="all" /><metadata-epm/><metadata multilingual-node="Y" multilingual-resource="Y" semantictag="language" sharedNode="N" sharedNodeResource="N" sharedResource="N" /><asmResource contextid="4c91fc5b-8785-4a7c-abeb-4ee9d1f4bc63" id="dce1a9ee-bfdf-4578-8664-88cb8cf05a04" xsi_type="nodeRes"><code/><label lang="fr"/><label lang="en"/></asmResource><asmResource contextid="4c91fc5b-8785-4a7c-abeb-4ee9d1f4bc63" id="ea12979c-9a92-4443-b07a-80e859ad474f" xsi_type="context"><text lang="fr"/><text lang="en"/></asmResource><asmResource contextid="4c91fc5b-8785-4a7c-abeb-4ee9d1f4bc63" id="6ac87ed4-3df2-4b17-bee6-bf82e2a9a753" xsi_type="Item"><code>ru</code><label lang="fr">Russe</label><label lang="en">Russian</label></asmResource></asmContext><asmContext delete="Y" id="75c7a9d1-581b-4767-8494-42812fd6d998" read="Y" role="" submit="Y" write="Y" xsi_type=""><metadata-wad seenoderoles="all" /><metadata-epm/><metadata multilingual-node="Y" multilingual-resource="Y" semantictag="language" sharedNode="N" sharedNodeResource="N" sharedResource="N" /><asmResource contextid="75c7a9d1-581b-4767-8494-42812fd6d998" id="c0936e0c-94d8-4471-a080-a2046039debe" xsi_type="nodeRes"><code/><label lang="fr"/><label lang="en"/></asmResource><asmResource contextid="75c7a9d1-581b-4767-8494-42812fd6d998" id="bf6475f2-4b94-4b92-8f53-7ca287b0f9ee" xsi_type="context"><text lang="fr"/><text lang="en"/></asmResource><asmResource contextid="75c7a9d1-581b-4767-8494-42812fd6d998" id="ce715892-c9c3-42d6-af94-aa05206f1408" xsi_type="Item"><code>sv</code><label lang="fr">Suédois</label><label lang="en">Swedish</label></asmResource></asmContext><asmContext delete="Y" id="e9a2f9de-8f28-4e74-9649-7006c21f3b65" read="Y" role="" submit="Y" write="Y" xsi_type=""><metadata-wad seenoderoles="all" /><metadata-epm/><metadata multilingual-node="Y" multilingual-resource="Y" semantictag="language" sharedNode="N" sharedNodeResource="N" sharedResource="N" /><asmResource contextid="e9a2f9de-8f28-4e74-9649-7006c21f3b65" id="2f229d32-212f-48e3-8d7d-0b802311a28d" xsi_type="nodeRes"><code/><label lang="fr"/><label lang="en"/></asmResource><asmResource contextid="e9a2f9de-8f28-4e74-9649-7006c21f3b65" id="983dd1b2-5eea-471c-a409-cdf91d698c91" xsi_type="context"><text lang="fr"/><text lang="en"/></asmResource><asmResource contextid="e9a2f9de-8f28-4e74-9649-7006c21f3b65" id="4dff2581-5fcd-40b8-a1bf-399b43f977fb" xsi_type="Item"><code>tr</code><label lang="fr">Turc</label><label lang="en">Turkish</label></asmResource></asmContext><asmContext delete="Y" id="ec996a61-193b-4fb4-b92b-15fef0feae80" read="Y" role="" submit="Y" write="Y" xsi_type=""><metadata-wad seenoderoles="all" /><metadata-epm/><metadata multilingual-node="Y" multilingual-resource="Y" semantictag="language" sharedNode="N" sharedNodeResource="N" sharedResource="N" /><asmResource contextid="ec996a61-193b-4fb4-b92b-15fef0feae80" id="07ada8bc-1423-4768-a0bc-1c5156a4637f" xsi_type="nodeRes"><code/><label lang="fr"/><label lang="en"/></asmResource><asmResource contextid="ec996a61-193b-4fb4-b92b-15fef0feae80" id="abce6ec8-f054-4230-bf9f-e123449a4435" xsi_type="context"><text lang="fr"/><text lang="en"/></asmResource><asmResource contextid="ec996a61-193b-4fb4-b92b-15fef0feae80" id="6be87504-4e00-4f51-984b-6f8a2293b2fe" xsi_type="Item"><code>vi</code><label lang="fr">Vietnamien</label><label lang="en">Vietnamese</label></asmResource></asmContext><asmContext delete="Y" id="7a54535d-3aee-45c7-ab30-16f19e77cf91" read="Y" role="" submit="Y" write="Y" xsi_type=""><metadata-wad seenoderoles="all" /><metadata-epm/><metadata multilingual-node="Y" multilingual-resource="Y" semantictag="language" sharedNode="N" sharedNodeResource="N" sharedResource="N" /><asmResource contextid="7a54535d-3aee-45c7-ab30-16f19e77cf91" id="13d14365-773e-4abf-aa50-b95b5091c030" xsi_type="nodeRes"><code/><label lang="fr"/><label lang="en"/></asmResource><asmResource contextid="7a54535d-3aee-45c7-ab30-16f19e77cf91" id="9441fb7c-5342-4492-8223-6b27d74eea12" xsi_type="context"><text lang="fr"/><text lang="en"/></asmResource><asmResource contextid="7a54535d-3aee-45c7-ab30-16f19e77cf91" id="4c25ab43-6990-4926-bde8-01abbd823e4b" xsi_type="Item"><code>zh</code><label lang="fr">Chinois</label><label lang="en">Chinese</label></asmResource></asmContext></asmRoot></portfolio>