<?xml version="1.0" encoding="UTF-8"?><portfolio code="0" id="a2e27c31-c5af-4884-b72d-ead075482ffc" owner="Y"><version>4</version><asmRoot delete="Y" id="1c33d8bc-5870-470f-a687-ff40cefbad6c" read="Y" role="" submit="Y" write="Y" xsi_type=""><metadata-wad menuroles="" seenoderoles="all" /><metadata-epm/><metadata multilingual-node="Y" public="Y" semantictag="root" sharedNode="N" sharedResource="N" /><asmResource contextid="1c33d8bc-5870-470f-a687-ff40cefbad6c" id="45243625-2f64-46fd-b74a-d37c6f3225fb" xsi_type="nodeRes"><code>europass-parts</code>
  <label lang="en">EUROPASS - Components</label>
  <label lang="fr">EUROPASS - Composantes</label></asmResource><asmResource contextid="1c33d8bc-5870-470f-a687-ff40cefbad6c" id="c8c1660f-aafd-4d6c-908a-0891b8c5b297" xsi_type="context"><text lang="en"/>
  <text lang="fr"/></asmResource><asmUnit delete="Y" id="009dfc80-8eed-11e5-b69a-00215e6c3f32" read="Y" role="" submit="Y" write="Y" xsi_type="asmUnit"><metadata-wad seenoderoles="all" /><metadata-epm/><metadata multilingual-node="Y" semantictag="asmUnit" sharedNode="N" sharedNodeResource="N" /><asmResource contextid="009dfc80-8eed-11e5-b69a-00215e6c3f32" id="009f382c-8eed-11e5-b69a-00215e6c3f32" xsi_type="nodeRes"><code/>
  <label lang="fr">Europass Section</label>
  <label lang="en">New Unit</label></asmResource><asmResource contextid="009dfc80-8eed-11e5-b69a-00215e6c3f32" id="009f36c9-8eed-11e5-b69a-00215e6c3f32" xsi_type="context"><text lang="fr"/>
  <text lang="en"/></asmResource><asmUnitStructure delete="Y" id="2a0398c0-8edf-11e5-b69a-00215e6c3f32" read="Y" role="" submit="Y" write="Y" xsi_type="asmUnitStructure"><metadata-wad seenoderoles="all" /><metadata-epm/><metadata multilingual-node="Y" semantictag="EuropassL" sharedNode="N" sharedNodeResource="N" /><asmResource contextid="2a0398c0-8edf-11e5-b69a-00215e6c3f32" id="2a0556c8-8edf-11e5-b69a-00215e6c3f32" xsi_type="nodeRes"><code/>
  <label lang="fr">Europass</label>
  <label lang="en">Mother Tongue</label></asmResource><asmResource contextid="2a0398c0-8edf-11e5-b69a-00215e6c3f32" id="2a05557e-8edf-11e5-b69a-00215e6c3f32" xsi_type="context"><text lang="fr"/>
  <text lang="en"/></asmResource><asmContext delete="Y" id="36f8dc8f-8edf-11e5-b69a-00215e6c3f32" read="Y" role="" submit="Y" write="Y" xsi_type=""><metadata-wad query="europass-ISO-Languages.language.label" seenoderoles="all" /><metadata-epm/><metadata multilingual-node="Y" multilingual-resource="Y" semantictag="MotherTongue" sharedNode="N" sharedNodeResource="N" sharedResource="N" /><asmResource contextid="36f8dc8f-8edf-11e5-b69a-00215e6c3f32" id="36f9c85c-8edf-11e5-b69a-00215e6c3f32" xsi_type="nodeRes"><code/>
				<label lang="fr"/>
				<label lang="en"/></asmResource><asmResource contextid="36f8dc8f-8edf-11e5-b69a-00215e6c3f32" id="36f9c683-8edf-11e5-b69a-00215e6c3f32" xsi_type="context"><text lang="fr"/>
				<text lang="en"/></asmResource><asmResource contextid="36f8dc8f-8edf-11e5-b69a-00215e6c3f32" id="36f9c79b-8edf-11e5-b69a-00215e6c3f32" xsi_type="Get_Resource"><code/>
				<value/>
				<label lang="fr"/>
				<label lang="en"/></asmResource></asmContext></asmUnitStructure></asmUnit><asmUnit delete="Y" id="0b54f1e1-8eed-11e5-b69a-00215e6c3f32" read="Y" role="" submit="Y" write="Y" xsi_type="asmUnit"><metadata-wad seenoderoles="all" /><metadata-epm/><metadata multilingual-node="Y" semantictag="asmUnit" sharedNode="N" sharedNodeResource="N" /><asmResource contextid="0b54f1e1-8eed-11e5-b69a-00215e6c3f32" id="0b566753-8eed-11e5-b69a-00215e6c3f32" xsi_type="nodeRes"><code/>
  <label lang="fr">Langue étrangère</label>
  <label lang="en">New Unit</label></asmResource><asmResource contextid="0b54f1e1-8eed-11e5-b69a-00215e6c3f32" id="0b5665c3-8eed-11e5-b69a-00215e6c3f32" xsi_type="context"><text lang="fr"/>
  <text lang="en"/></asmResource><asmUnitStructure delete="Y" id="bd8d39e6-8ede-11e5-b69a-00215e6c3f32" read="Y" role="" submit="Y" write="Y" xsi_type="asmUnitStructure"><metadata-wad delnoderoles="student" seenoderoles="all" /><metadata-epm/><metadata multilingual-node="Y" semantictag="europass-language" sharedNode="N" sharedNodeResource="N" /><asmResource contextid="bd8d39e6-8ede-11e5-b69a-00215e6c3f32" id="bd8ec312-8ede-11e5-b69a-00215e6c3f32" xsi_type="nodeRes"><code/>
  <label lang="fr">Langue Étrangère Europass</label>
  <label lang="en">Europass Foreign Language</label>
  <label lang="ja"/></asmResource><asmResource contextid="bd8d39e6-8ede-11e5-b69a-00215e6c3f32" id="bd8ec244-8ede-11e5-b69a-00215e6c3f32" xsi_type="context"><text lang="fr"/>
  <text lang="en"/>
  <text lang="ja"/></asmResource><asmContext delete="Y" id="bd8d3a82-8ede-11e5-b69a-00215e6c3f32" read="Y" role="" submit="Y" write="Y" xsi_type=""><metadata-wad editresroles="student" query="europass-ISO-Languages.language.label" seenoderoles="all" /><metadata-epm/><metadata multilingual-node="Y" multilingual-resource="Y" semantictag="ForeignLanguage" sharedNode="N" sharedNodeResource="N" sharedResource="N" /><asmResource contextid="bd8d3a82-8ede-11e5-b69a-00215e6c3f32" id="bd8ec5ab-8ede-11e5-b69a-00215e6c3f32" xsi_type="nodeRes"><code/>
  <label lang="fr">Langue</label>
  <label lang="en">Language</label>
  <label lang="ja"/></asmResource><asmResource contextid="bd8d3a82-8ede-11e5-b69a-00215e6c3f32" id="bd8ec4f1-8ede-11e5-b69a-00215e6c3f32" xsi_type="context"><text lang="fr"/>
  <text lang="en"/>
  <text lang="ja"/></asmResource><asmResource contextid="bd8d3a82-8ede-11e5-b69a-00215e6c3f32" id="bd8ec42b-8ede-11e5-b69a-00215e6c3f32" xsi_type="Get_Resource"><code/>
  <value/>
  <label lang="fr"/>
  <label lang="en"/>
  <label lang="ja"/></asmResource></asmContext><asmContext delete="Y" id="bd8d3939-8ede-11e5-b69a-00215e6c3f32" read="Y" role="" submit="Y" write="Y" xsi_type=""><metadata-wad editresroles="student" query="europass-rubrics.#Listening.europass.label" seenoderoles="all" /><metadata-epm/><metadata multilingual-node="Y" multilingual-resource="Y" semantictag="Listening" sharedNode="N" sharedNodeResource="N" sharedResource="N" /><asmResource contextid="bd8d3939-8ede-11e5-b69a-00215e6c3f32" id="bd8ec131-8ede-11e5-b69a-00215e6c3f32" xsi_type="nodeRes"><code/>
  <label lang="fr">Écouter</label>
  <label lang="en">Listening</label>
  <label lang="ja"/></asmResource><asmResource contextid="bd8d3939-8ede-11e5-b69a-00215e6c3f32" id="bd8ec078-8ede-11e5-b69a-00215e6c3f32" xsi_type="context"><text lang="fr"/>
  <text lang="en"/>
  <text lang="ja"/></asmResource><asmResource contextid="bd8d3939-8ede-11e5-b69a-00215e6c3f32" id="bd8ebfa9-8ede-11e5-b69a-00215e6c3f32" xsi_type="Get_Get_Resource"><code/>
  <portfoliocode>europass-langues</portfoliocode>
  <value/>
  <label lang="fr"> </label>
  <label lang="en"> </label>
  <label lang="ja"/></asmResource></asmContext><asmContext delete="Y" id="bd8d3bd9-8ede-11e5-b69a-00215e6c3f32" read="Y" role="" submit="Y" write="Y" xsi_type=""><metadata-wad editresroles="student" query="europass-rubrics.#Reading.europass.label" seenoderoles="all" /><metadata-epm/><metadata multilingual-node="Y" multilingual-resource="Y" semantictag="Reading" sharedNode="N" sharedNodeResource="N" sharedResource="N" /><asmResource contextid="bd8d3bd9-8ede-11e5-b69a-00215e6c3f32" id="bd8ecac7-8ede-11e5-b69a-00215e6c3f32" xsi_type="nodeRes"><code/>
  <label lang="fr">Lire</label>
  <label lang="en">Reading</label>
  <label lang="ja"/></asmResource><asmResource contextid="bd8d3bd9-8ede-11e5-b69a-00215e6c3f32" id="bd8eca14-8ede-11e5-b69a-00215e6c3f32" xsi_type="context"><text lang="fr"/>
  <text lang="en"/>
  <text lang="ja"/></asmResource><asmResource contextid="bd8d3bd9-8ede-11e5-b69a-00215e6c3f32" id="bd8ec951-8ede-11e5-b69a-00215e6c3f32" xsi_type="Get_Get_Resource"><code/>
  <portfoliocode>europass-langues</portfoliocode>
  <value/>
  <label lang="fr"/>
  <label lang="en"/>
  <label lang="ja"/></asmResource></asmContext><asmContext delete="Y" id="bd8d3b30-8ede-11e5-b69a-00215e6c3f32" read="Y" role="" submit="Y" write="Y" xsi_type=""><metadata-wad editresroles="student" query="europass-rubrics.#SpokenInteraction.europass.label" seenoderoles="all" /><metadata-epm/><metadata multilingual-node="Y" multilingual-resource="Y" semantictag="SpokenInteraction" sharedNode="N" sharedNodeResource="N" sharedResource="N" /><asmResource contextid="bd8d3b30-8ede-11e5-b69a-00215e6c3f32" id="bd8ec83d-8ede-11e5-b69a-00215e6c3f32" xsi_type="nodeRes"><code/>
  <label lang="fr">Prendre part à une conversation</label>
  <label lang="en">Spoken Interaction</label>
  <label lang="ja"/></asmResource><asmResource contextid="bd8d3b30-8ede-11e5-b69a-00215e6c3f32" id="bd8ec78b-8ede-11e5-b69a-00215e6c3f32" xsi_type="context"><text lang="fr"/>
  <text lang="en"/>
  <text lang="ja"/></asmResource><asmResource contextid="bd8d3b30-8ede-11e5-b69a-00215e6c3f32" id="bd8ec6c7-8ede-11e5-b69a-00215e6c3f32" xsi_type="Get_Get_Resource"><code/>
  <portfoliocode>europass-langues</portfoliocode>
  <value/>
  <label lang="fr"/>
  <label lang="en"/>
  <label lang="ja"/></asmResource></asmContext><asmContext delete="Y" id="bd8d37ea-8ede-11e5-b69a-00215e6c3f32" read="Y" role="" submit="Y" write="Y" xsi_type=""><metadata-wad editresroles="student" query="europass-rubrics.#SpokenProduction.europass.label" seenoderoles="all" /><metadata-epm/><metadata multilingual-node="Y" multilingual-resource="Y" semantictag="SpokenProduction" sharedNode="N" sharedNodeResource="N" sharedResource="N" /><asmResource contextid="bd8d37ea-8ede-11e5-b69a-00215e6c3f32" id="bd8ebbd4-8ede-11e5-b69a-00215e6c3f32" xsi_type="nodeRes"><code/>
  <label lang="fr">S'exprimer oralement en continu</label>
  <label lang="en">Spoken Production</label>
  <label lang="ja"/></asmResource><asmResource contextid="bd8d37ea-8ede-11e5-b69a-00215e6c3f32" id="bd8ebafd-8ede-11e5-b69a-00215e6c3f32" xsi_type="context"><text lang="fr"/>
  <text lang="en"/>
  <text lang="ja"/></asmResource><asmResource contextid="bd8d37ea-8ede-11e5-b69a-00215e6c3f32" id="bd8eb9a3-8ede-11e5-b69a-00215e6c3f32" xsi_type="Get_Get_Resource"><code/>
  <portfoliocode>europass-langues</portfoliocode>
  <value/>
  <label lang="fr"/>
  <label lang="en"/>
  <label lang="ja"/></asmResource></asmContext><asmContext delete="Y" id="bd8d3899-8ede-11e5-b69a-00215e6c3f32" read="Y" role="" submit="Y" write="Y" xsi_type=""><metadata-wad editresroles="student" query="europass-rubrics.#Writing.europass.label" seenoderoles="all" /><metadata-epm/><metadata multilingual-node="Y" multilingual-resource="Y" semantictag="Writing" sharedNode="N" sharedNodeResource="N" sharedResource="N" /><asmResource contextid="bd8d3899-8ede-11e5-b69a-00215e6c3f32" id="bd8ebe8b-8ede-11e5-b69a-00215e6c3f32" xsi_type="nodeRes"><code/>
  <label lang="fr">Écrire</label>
  <label lang="en">Writing</label>
  <label lang="ja"/></asmResource><asmResource contextid="bd8d3899-8ede-11e5-b69a-00215e6c3f32" id="bd8ebdd1-8ede-11e5-b69a-00215e6c3f32" xsi_type="context"><text lang="fr"/>
  <text lang="en"/>
  <text lang="ja"/></asmResource><asmResource contextid="bd8d3899-8ede-11e5-b69a-00215e6c3f32" id="bd8ebd04-8ede-11e5-b69a-00215e6c3f32" xsi_type="Get_Get_Resource"><code/>
  <portfoliocode>europass-langues</portfoliocode>
  <value/>
  <label lang="fr"/>
  <label lang="en"/>
  <label lang="ja"/></asmResource></asmContext></asmUnitStructure></asmUnit></asmRoot></portfolio>