<?xml version="1.0" encoding="UTF-8"?><portfolio code="0" id="bd42fff9-ab90-4264-8102-e988f5ff52b5" owner="Y"><version>4</version><asmRoot delete="Y" id="625b4586-b3b4-42be-a122-1598383e63df" read="Y" role="" submit="Y" write="Y" xsi_type=""><metadata-wad menuroles="" seenoderoles="all" /><metadata-epm/><metadata multilingual-node="Y" public="Y" semantictag="root" sharedNode="N" sharedResource="N" /><asmResource contextid="625b4586-b3b4-42be-a122-1598383e63df" id="c5c55fa4-c579-4f27-97ce-7e7643f66967" xsi_type="nodeRes"><code>europass-parts</code><label lang="en">EUROPASS - Components</label><label lang="fr">EUROPASS - Composantes</label></asmResource><asmResource contextid="625b4586-b3b4-42be-a122-1598383e63df" id="29b67cd8-2a79-4d3e-abc4-69a2df06a41d" xsi_type="context"><text lang="en"/><text lang="fr"/></asmResource><asmUnit delete="Y" id="83c512ce-b39d-4a05-8e51-1e9d423c156a" read="Y" role="" submit="Y" write="Y" xsi_type="asmUnit"><metadata-wad seenoderoles="all" /><metadata-epm/><metadata multilingual-node="Y" semantictag="asmUnit" sharedNode="N" sharedNodeResource="N" /><asmResource contextid="83c512ce-b39d-4a05-8e51-1e9d423c156a" id="fc60c51a-f2db-4d3d-a8fe-b65a0d44c398" xsi_type="nodeRes"><code/>
  <label lang="fr">EuropassL</label>
  <label lang="en">EuropassL</label></asmResource><asmResource contextid="83c512ce-b39d-4a05-8e51-1e9d423c156a" id="ca399666-7fe6-4d38-8922-621c01115a8d" xsi_type="context"><text lang="fr"/>
  <text lang="en"/></asmResource><asmUnitStructure delete="Y" id="f56c502a-697f-46c8-9f6c-d74f4d822637" read="Y" role="" submit="Y" write="Y" xsi_type="asmUnitStructure"><metadata-wad seenoderoles="all" /><metadata-epm/><metadata multilingual-node="Y" semantictag="EuropassL" sharedNode="N" sharedNodeResource="N" /><asmResource contextid="f56c502a-697f-46c8-9f6c-d74f4d822637" id="e5acb02d-fccd-440a-bf38-343d7b2134c9" xsi_type="nodeRes"><code/>
  <label lang="fr">Europass</label>
  <label lang="en">Europass</label></asmResource><asmResource contextid="f56c502a-697f-46c8-9f6c-d74f4d822637" id="6d5dca51-99ad-4713-9362-fa9542f9decd" xsi_type="context"><text lang="fr"/>
  <text lang="en"/></asmResource><asmContext delete="Y" id="846b9cc3-08f2-4ec2-953c-1a1d8308ffec" read="Y" role="" submit="Y" write="Y" xsi_type=""><metadata-wad editresroles="student" query="europass-ISO-Languages.language.label" seenoderoles="all" /><metadata-epm/><metadata multilingual-node="Y" multilingual-resource="Y" semantictag="MotherTongue" sharedNode="N" sharedNodeResource="N" sharedResource="N" /><asmResource contextid="846b9cc3-08f2-4ec2-953c-1a1d8308ffec" id="fcfb018e-4e6d-42cd-a531-62d1eaf13f0d" xsi_type="nodeRes"><code/><label lang="fr"/><label lang="en"/></asmResource><asmResource contextid="846b9cc3-08f2-4ec2-953c-1a1d8308ffec" id="7bc96235-5b3a-4518-9906-1f4f7569bd09" xsi_type="context"><text lang="fr"/><text lang="en"/></asmResource><asmResource contextid="846b9cc3-08f2-4ec2-953c-1a1d8308ffec" id="ab12cee4-f365-49fd-9409-301fd7df0107" xsi_type="Get_Resource"><code/><value/><label lang="fr"/><label lang="en"/></asmResource></asmContext></asmUnitStructure></asmUnit><asmUnit delete="Y" id="2728ee57-b9fa-473b-8b5d-e42f43f52cc1" read="Y" role="" submit="Y" write="Y" xsi_type="asmUnit"><metadata-wad seenoderoles="all" /><metadata-epm/><metadata multilingual-node="Y" semantictag="asmUnit" sharedNode="N" sharedNodeResource="N" /><asmResource contextid="2728ee57-b9fa-473b-8b5d-e42f43f52cc1" id="d763fc02-9c18-4121-8d92-3df9a65a5a8d" xsi_type="nodeRes"><code/>
  <label lang="fr">europass-language</label>
  <label lang="en">europass-language</label></asmResource><asmResource contextid="2728ee57-b9fa-473b-8b5d-e42f43f52cc1" id="8ef6c92a-6398-47c2-a184-7bb73d092588" xsi_type="context"><text lang="fr"/>
  <text lang="en"/></asmResource><asmUnitStructure delete="Y" id="bf2c5a1c-66ef-4d8a-9a7d-efc74c67e04f" read="Y" role="" submit="Y" write="Y" xsi_type="asmUnitStructure"><metadata-wad delnoderoles="student" seenoderoles="all" /><metadata-epm/><metadata multilingual-node="Y" semantictag="europass-language" sharedNode="N" sharedNodeResource="N" /><asmResource contextid="bf2c5a1c-66ef-4d8a-9a7d-efc74c67e04f" id="9c728b12-6efe-4067-88ab-44ae3cf6811f" xsi_type="nodeRes"><code/><label lang="fr">Langue Étrangère Europass</label><label lang="en">Europass Foreign Language</label><label lang="ja"/></asmResource><asmResource contextid="bf2c5a1c-66ef-4d8a-9a7d-efc74c67e04f" id="d9d2fdfa-cc1f-4851-b6ed-9af89c1d7931" xsi_type="context"><text lang="fr"/><text lang="en"/><text lang="ja"/></asmResource><asmContext delete="Y" id="9221600d-8b67-4aa8-b05f-03e921977038" read="Y" role="" submit="Y" write="Y" xsi_type=""><metadata-wad editresroles="student" query="europass-ISO-Languages.language.label" seenoderoles="all" /><metadata-epm/><metadata multilingual-node="Y" multilingual-resource="Y" semantictag="ForeignLanguage" sharedNode="N" sharedNodeResource="N" sharedResource="N" /><asmResource contextid="9221600d-8b67-4aa8-b05f-03e921977038" id="214d8e4d-d4e2-4acc-9eed-320130ea417e" xsi_type="nodeRes"><code/><label lang="fr">Langue</label><label lang="en">Language</label><label lang="ja"/></asmResource><asmResource contextid="9221600d-8b67-4aa8-b05f-03e921977038" id="5c4c3cfb-2089-43af-b77e-41589445e0bc" xsi_type="context"><text lang="fr"/><text lang="en"/><text lang="ja"/></asmResource><asmResource contextid="9221600d-8b67-4aa8-b05f-03e921977038" id="b682c6df-6d02-4ffe-be97-d473686eeb2d" xsi_type="Get_Resource"><code/><value/><label lang="fr"/><label lang="en"/><label lang="ja"/></asmResource></asmContext><asmContext delete="Y" id="958f65da-21b1-41d0-bef0-725abbd55b7f" read="Y" role="" submit="Y" write="Y" xsi_type=""><metadata-wad editresroles="student" query="europass-rubrics.#Listening.europass.label" seenoderoles="all" /><metadata-epm/><metadata multilingual-node="Y" multilingual-resource="Y" semantictag="Listening" sharedNode="N" sharedNodeResource="N" sharedResource="N" /><asmResource contextid="958f65da-21b1-41d0-bef0-725abbd55b7f" id="98c6fc78-6411-46e4-ab14-90eab91c99a3" xsi_type="nodeRes"><code/><label lang="fr">Écouter</label><label lang="en">Listening</label><label lang="ja"/></asmResource><asmResource contextid="958f65da-21b1-41d0-bef0-725abbd55b7f" id="2b822c71-4fd8-475b-a9da-f2308e8f5df2" xsi_type="context"><text lang="fr"/><text lang="en"/><text lang="ja"/></asmResource><asmResource contextid="958f65da-21b1-41d0-bef0-725abbd55b7f" id="d7dd7457-ef20-45c0-93e9-4d90076ee388" xsi_type="Get_Get_Resource"><code/><portfoliocode>europass-langues</portfoliocode><value/><label lang="fr"> </label><label lang="en"> </label><label lang="ja"/></asmResource></asmContext><asmContext delete="Y" id="27710981-204e-4c7a-90a4-b710835a6d3e" read="Y" role="" submit="Y" write="Y" xsi_type=""><metadata-wad editresroles="student" query="europass-rubrics.#Reading.europass.label" seenoderoles="all" /><metadata-epm/><metadata multilingual-node="Y" multilingual-resource="Y" semantictag="Reading" sharedNode="N" sharedNodeResource="N" sharedResource="N" /><asmResource contextid="27710981-204e-4c7a-90a4-b710835a6d3e" id="725bd0ec-7dac-47d1-8462-d9aa2f885539" xsi_type="nodeRes"><code/><label lang="fr">Lire</label><label lang="en">Reading</label><label lang="ja"/></asmResource><asmResource contextid="27710981-204e-4c7a-90a4-b710835a6d3e" id="26341e5d-619d-4f04-9426-a282d8cdb166" xsi_type="context"><text lang="fr"/><text lang="en"/><text lang="ja"/></asmResource><asmResource contextid="27710981-204e-4c7a-90a4-b710835a6d3e" id="6425b45c-6ebb-446c-b133-e16ce9d69490" xsi_type="Get_Get_Resource"><code/><portfoliocode>europass-langues</portfoliocode><value/><label lang="fr"/><label lang="en"/><label lang="ja"/></asmResource></asmContext><asmContext delete="Y" id="275e8e97-50f4-4995-969f-677fc98c6d0f" read="Y" role="" submit="Y" write="Y" xsi_type=""><metadata-wad editresroles="student" query="europass-rubrics.#SpokenInteraction.europass.label" seenoderoles="all" /><metadata-epm/><metadata multilingual-node="Y" multilingual-resource="Y" semantictag="SpokenInteraction" sharedNode="N" sharedNodeResource="N" sharedResource="N" /><asmResource contextid="275e8e97-50f4-4995-969f-677fc98c6d0f" id="374ef3cf-b9b5-43bf-8650-3706c466598c" xsi_type="nodeRes"><code/><label lang="fr">Prendre part à une conversation</label><label lang="en">Spoken Interaction</label><label lang="ja"/></asmResource><asmResource contextid="275e8e97-50f4-4995-969f-677fc98c6d0f" id="2c390a2c-2dcb-48c8-ab69-47f8a9035608" xsi_type="context"><text lang="fr"/><text lang="en"/><text lang="ja"/></asmResource><asmResource contextid="275e8e97-50f4-4995-969f-677fc98c6d0f" id="ebd51854-4936-4b67-aafd-19c084422663" xsi_type="Get_Get_Resource"><code/><portfoliocode>europass-langues</portfoliocode><value/><label lang="fr"/><label lang="en"/><label lang="ja"/></asmResource></asmContext><asmContext delete="Y" id="7525ea91-e010-442c-9d42-b1682465bb69" read="Y" role="" submit="Y" write="Y" xsi_type=""><metadata-wad editresroles="student" query="europass-rubrics.#SpokenProduction.europass.label" seenoderoles="all" /><metadata-epm/><metadata multilingual-node="Y" multilingual-resource="Y" semantictag="SpokenProduction" sharedNode="N" sharedNodeResource="N" sharedResource="N" /><asmResource contextid="7525ea91-e010-442c-9d42-b1682465bb69" id="2ef4ab4f-a8c6-435c-aecf-02fc7d43d2e0" xsi_type="nodeRes"><code/><label lang="fr">S'exprimer oralement en continu</label><label lang="en">Spoken Production</label><label lang="ja"/></asmResource><asmResource contextid="7525ea91-e010-442c-9d42-b1682465bb69" id="798d7ba6-8708-4f3c-b280-bdc1bf541941" xsi_type="context"><text lang="fr"/><text lang="en"/><text lang="ja"/></asmResource><asmResource contextid="7525ea91-e010-442c-9d42-b1682465bb69" id="3049614f-b7b6-4777-87d0-b09cf66a707b" xsi_type="Get_Get_Resource"><code/><portfoliocode>europass-langues</portfoliocode><value/><label lang="fr"/><label lang="en"/><label lang="ja"/></asmResource></asmContext><asmContext delete="Y" id="23414a34-611a-4195-9a53-02daf91bb8cc" read="Y" role="" submit="Y" write="Y" xsi_type=""><metadata-wad editresroles="student" query="europass-rubrics.#Writing.europass.label" seenoderoles="all" /><metadata-epm/><metadata multilingual-node="Y" multilingual-resource="Y" semantictag="Writing" sharedNode="N" sharedNodeResource="N" sharedResource="N" /><asmResource contextid="23414a34-611a-4195-9a53-02daf91bb8cc" id="ed0a08bb-9c07-47fb-85c0-e4eb8df2b825" xsi_type="nodeRes"><code/><label lang="fr">Écrire</label><label lang="en">Writing</label><label lang="ja"/></asmResource><asmResource contextid="23414a34-611a-4195-9a53-02daf91bb8cc" id="d79138a4-66d4-47e8-a621-e17be01a86f8" xsi_type="context"><text lang="fr"/><text lang="en"/><text lang="ja"/></asmResource><asmResource contextid="23414a34-611a-4195-9a53-02daf91bb8cc" id="1f183592-6526-43e8-963e-fd788b91e08f" xsi_type="Get_Get_Resource"><code/><portfoliocode>europass-langues</portfoliocode><value/><label lang="fr"/><label lang="en"/><label lang="ja"/></asmResource></asmContext></asmUnitStructure></asmUnit></asmRoot></portfolio>