<?xml version="1.0" encoding="UTF-8"?><portfolio code="0" id="f77a4b5b-5574-4370-b99d-a0f4f9a6eec5" owner="Y"><version>4</version><asmRoot delete="Y" id="5458938a-8edd-11e5-b69a-00215e6c3f32" read="Y" role="" submit="Y" write="Y" xsi_type=""><metadata-wad seenoderoles="all" /><metadata-epm/><metadata public="Y" semantictag="root" sharedNode="N" sharedResource="N" /><asmResource contextid="5458938a-8edd-11e5-b69a-00215e6c3f32" id="54673e8d-8edd-11e5-b69a-00215e6c3f32" xsi_type="nodeRes"><code>europass-rubrics</code>
  <label lang="en">EUROPASS - Critères</label>
  <label lang="fr">EUROPASS - Critères</label></asmResource><asmResource contextid="5458938a-8edd-11e5-b69a-00215e6c3f32" id="5462a786-8edd-11e5-b69a-00215e6c3f32" xsi_type="context"><text lang="fr"/>
  <text lang="en"/>
  <text lang="ja"/></asmResource><asmStructure delete="Y" id="545895fa-8edd-11e5-b69a-00215e6c3f32" read="Y" role="" submit="Y" write="Y" xsi_type="asmStructure"><metadata-wad seenoderoles="all" /><metadata-epm/><metadata multilingual-node="Y" semantictag="Understanding" sharedNode="N" sharedNodeResource="N" /><asmResource contextid="545895fa-8edd-11e5-b69a-00215e6c3f32" id="54674105-8edd-11e5-b69a-00215e6c3f32" xsi_type="nodeRes"><code>Understanding</code>
  <label lang="fr">Comprendre</label>
  <label lang="en">Understanding</label>
  <label lang="ja">?</label></asmResource><asmResource contextid="545895fa-8edd-11e5-b69a-00215e6c3f32" id="5462aa1c-8edd-11e5-b69a-00215e6c3f32" xsi_type="context"><text lang="fr"/>
  <text lang="en"/>
  <text lang="ja"/></asmResource><asmUnit delete="Y" id="5458986a-8edd-11e5-b69a-00215e6c3f32" read="Y" role="" submit="Y" write="Y" xsi_type="asmUnit"><metadata-wad seenoderoles="all" /><metadata-epm/><metadata multilingual-node="Y" semantictag="Listening" sharedNode="N" sharedNodeResource="N" /><asmResource contextid="5458986a-8edd-11e5-b69a-00215e6c3f32" id="54674386-8edd-11e5-b69a-00215e6c3f32" xsi_type="nodeRes"><code>Listening</code>
  <label lang="fr">Écouter</label>
  <label lang="en">Listening</label>
  <label lang="ja">?</label></asmResource><asmResource contextid="5458986a-8edd-11e5-b69a-00215e6c3f32" id="5462acaa-8edd-11e5-b69a-00215e6c3f32" xsi_type="context"><text lang="fr"/>
  <text lang="en"/>
  <text lang="ja"/></asmResource><asmContext delete="Y" id="54582156-8edd-11e5-b69a-00215e6c3f32" read="Y" role="" submit="Y" write="Y" xsi_type=""><metadata-wad seenoderoles="all" /><metadata-epm/><metadata multilingual-node="Y" multilingual-resource="Y" semantictag="europass" sharedNode="N" sharedNodeResource="N" sharedResource="N" /><asmResource contextid="54582156-8edd-11e5-b69a-00215e6c3f32" id="5466c67e-8edd-11e5-b69a-00215e6c3f32" xsi_type="nodeRes"><code/>


						<label lang="fr"/>


						<label lang="en"/>


						<label lang="ja"/></asmResource><asmResource contextid="54582156-8edd-11e5-b69a-00215e6c3f32" id="54622f0a-8edd-11e5-b69a-00215e6c3f32" xsi_type="context"><text lang="fr"/>


						<text lang="en"/>


						<text lang="ja"/></asmResource><asmResource contextid="54582156-8edd-11e5-b69a-00215e6c3f32" id="545ca8be-8edd-11e5-b69a-00215e6c3f32" xsi_type="Item"><code>A1</code>
  <label lang="fr">Je peux comprendre des mots familiers et des expressions très courantes au sujet de moi-même, de ma famille et de l'environnement concret et immédiat, si les gens parlent lentement et distinctement.</label>
  <label lang="en">I can understand familiar words and very basic phrases concerning myself, my family and immediate concrete surroundings when people speak slowly and clearly.</label>
  <label lang="ja"/></asmResource></asmContext><asmContext delete="Y" id="54589d2d-8edd-11e5-b69a-00215e6c3f32" read="Y" role="" submit="Y" write="Y" xsi_type=""><metadata-wad seenoderoles="all" /><metadata-epm/><metadata multilingual-node="Y" multilingual-resource="Y" semantictag="europass" sharedNode="N" sharedNodeResource="N" sharedResource="N" /><asmResource contextid="54589d2d-8edd-11e5-b69a-00215e6c3f32" id="5467486e-8edd-11e5-b69a-00215e6c3f32" xsi_type="nodeRes"><code/>


						<label lang="fr"/>


						<label lang="en"/>


						<label lang="ja"/></asmResource><asmResource contextid="54589d2d-8edd-11e5-b69a-00215e6c3f32" id="5462b1d1-8edd-11e5-b69a-00215e6c3f32" xsi_type="context"><text lang="fr"/>


						<text lang="en"/>


						<text lang="ja"/></asmResource><asmResource contextid="54589d2d-8edd-11e5-b69a-00215e6c3f32" id="545d14be-8edd-11e5-b69a-00215e6c3f32" xsi_type="Item"><code>A2</code>
  <label lang="fr">Je peux comprendre des expressions et un vocabulaire très fréquent relatifs à ce qui me concerne de très près (par ex. moi-même, ma famille, les achats, l'environnement proche, le travail). Je peux saisir l'essentiel d'annonces et de messages simples et clairs.</label>
  <label lang="en">I can understand phrases and the highest frequency vocabulary related to areas of most immediate personal relevance (e.g. very basic personal and family information, shopping, local area, employment). I can catch the main point in short, clear, simple messages and announcements.</label>
  <label lang="ja"/></asmResource></asmContext><asmContext delete="Y" id="54588eeb-8edd-11e5-b69a-00215e6c3f32" read="Y" role="" submit="Y" write="Y" xsi_type=""><metadata-wad seenoderoles="all" /><metadata-epm/><metadata multilingual-node="Y" multilingual-resource="Y" semantictag="europass" sharedNode="N" sharedNodeResource="N" sharedResource="N" /><asmResource contextid="54588eeb-8edd-11e5-b69a-00215e6c3f32" id="54673998-8edd-11e5-b69a-00215e6c3f32" xsi_type="nodeRes"><code/>


						<label lang="fr"/>


						<label lang="en"/>


						<label lang="ja"/></asmResource><asmResource contextid="54588eeb-8edd-11e5-b69a-00215e6c3f32" id="5462a263-8edd-11e5-b69a-00215e6c3f32" xsi_type="context"><text lang="fr"/>


						<text lang="en"/>


						<text lang="ja"/></asmResource><asmResource contextid="54588eeb-8edd-11e5-b69a-00215e6c3f32" id="545d0984-8edd-11e5-b69a-00215e6c3f32" xsi_type="Item"><code>B1</code>
  <label lang="fr">Je peux comprendre les points essentiels quand un langage clair et standard est utilisé et s'il s'agit de sujets familiers concernant le travail, l'école, les loisirs, etc. Je peux comprendre l'essentiel de nombreuses émissions de radio ou de télévision sur l'actualité ou sur des sujets qui m'intéressent à titre personnel ou professionnel si l'on parle d'une façon relativement lente et distincte.</label>
  <label lang="en">I can understand the main points of clear standard speech on familiar matters regularly encountered in work, school, leisure, etc. I can understand the main point of many radio or TV programmes on current affairs or topics of personal or professional interest when the delivery is relatively slow and clear.</label>
  <label lang="ja"/></asmResource></asmContext><asmContext delete="Y" id="5458913c-8edd-11e5-b69a-00215e6c3f32" read="Y" role="" submit="Y" write="Y" xsi_type=""><metadata-wad seenoderoles="all" /><metadata-epm/><metadata multilingual-node="Y" multilingual-resource="Y" semantictag="europass" sharedNode="N" sharedNodeResource="N" sharedResource="N" /><asmResource contextid="5458913c-8edd-11e5-b69a-00215e6c3f32" id="54673c00-8edd-11e5-b69a-00215e6c3f32" xsi_type="nodeRes"><code/>

						<label lang="fr"/>

						<label lang="en"/></asmResource><asmResource contextid="5458913c-8edd-11e5-b69a-00215e6c3f32" id="5462a4e4-8edd-11e5-b69a-00215e6c3f32" xsi_type="context"></asmResource><asmResource contextid="5458913c-8edd-11e5-b69a-00215e6c3f32" id="545d0ec5-8edd-11e5-b69a-00215e6c3f32" xsi_type="Item"><code>B2</code>
  <label lang="fr">Je peux comprendre des conférences et des discours assez longs et même suivre une argumentation complexe si le sujet m'en est relativement familier. Je peux comprendre la plupart des émissions de télévision sur l'actualité et les informations. Je peux comprendre la plupart des films en langue standard.</label>
  <label lang="en">I can understand extended speech and lectures and follow even complex lines of argument provided the topic is reasonably familiar. I can understand most TV news and current affairs programmes. I can understand the majority of films in standard dialect.</label>
  <label lang="ja"/></asmResource></asmContext><asmContext delete="Y" id="5458239a-8edd-11e5-b69a-00215e6c3f32" read="Y" role="" submit="Y" write="Y" xsi_type=""><metadata-wad seenoderoles="all" /><metadata-epm/><metadata multilingual-node="Y" multilingual-resource="Y" semantictag="europass" sharedNode="N" sharedNodeResource="N" sharedResource="N" /><asmResource contextid="5458239a-8edd-11e5-b69a-00215e6c3f32" id="5466c91b-8edd-11e5-b69a-00215e6c3f32" xsi_type="nodeRes"><code/>


						<label lang="fr"/>


						<label lang="en"/>


						<label lang="ja"/></asmResource><asmResource contextid="5458239a-8edd-11e5-b69a-00215e6c3f32" id="546231bd-8edd-11e5-b69a-00215e6c3f32" xsi_type="context"><text lang="fr"/>


						<text lang="en"/>


						<text lang="ja"/></asmResource><asmResource contextid="5458239a-8edd-11e5-b69a-00215e6c3f32" id="545cab8d-8edd-11e5-b69a-00215e6c3f32" xsi_type="Item"><code>C1</code>
  <label lang="fr">Je peux comprendre un long discours même s'il n'est pas clairement structuré et que les articulations sont seulement implicites. Je peux comprendre les émissions de télévision et les films sans trop d'effort.</label>
  <label lang="en">I can understand extended speech even when it is not clearly structured and when relationships are only implied and not signalled explicitly. I can understand television programmes and films without too much effort.</label>
  <label lang="ja"/></asmResource></asmContext><asmContext delete="Y" id="54589ad4-8edd-11e5-b69a-00215e6c3f32" read="Y" role="" submit="Y" write="Y" xsi_type=""><metadata-wad seenoderoles="all" /><metadata-epm/><metadata multilingual-node="Y" multilingual-resource="Y" semantictag="europass" sharedNode="N" sharedNodeResource="N" sharedResource="N" /><asmResource contextid="54589ad4-8edd-11e5-b69a-00215e6c3f32" id="54674604-8edd-11e5-b69a-00215e6c3f32" xsi_type="nodeRes"><code/>


						<label lang="fr"/>


						<label lang="en"/>


						<label lang="ja"/></asmResource><asmResource contextid="54589ad4-8edd-11e5-b69a-00215e6c3f32" id="5462af36-8edd-11e5-b69a-00215e6c3f32" xsi_type="context"><text lang="fr"/>


						<text lang="en"/>


						<text lang="ja"/></asmResource><asmResource contextid="54589ad4-8edd-11e5-b69a-00215e6c3f32" id="545d11eb-8edd-11e5-b69a-00215e6c3f32" xsi_type="Item"><code>C2</code>
  <label lang="fr">Je n'ai aucune difficulté à comprendre le langage oral, que ce soit dans les conditions du direct ou dans les médias et quand on parle vite, à condition d'avoir du temps pour me familiariser avec un accent particulier.</label>
  <label lang="en">I have no difficulty in understanding any kind of spoken language, whether live or broadcast, even when delivered at fast native speed, provided I have some time to get familiar with the accent.</label>
  <label lang="ja"/></asmResource></asmContext></asmUnit><asmUnit delete="Y" id="54588a00-8edd-11e5-b69a-00215e6c3f32" read="Y" role="" submit="Y" write="Y" xsi_type="asmUnit"><metadata-wad seenoderoles="all" /><metadata-epm/><metadata multilingual-node="Y" semantictag="Reading" sharedNode="N" sharedNodeResource="N" /><asmResource contextid="54588a00-8edd-11e5-b69a-00215e6c3f32" id="54673493-8edd-11e5-b69a-00215e6c3f32" xsi_type="nodeRes"><code>Reading</code>
  <label lang="fr">Lire</label>
  <label lang="en">Reading</label>
  <label lang="ja">?</label></asmResource><asmResource contextid="54588a00-8edd-11e5-b69a-00215e6c3f32" id="54629d42-8edd-11e5-b69a-00215e6c3f32" xsi_type="context"><text lang="fr"/>
  <text lang="en"/>
  <text lang="ja"/></asmResource><asmContext delete="Y" id="54588c8d-8edd-11e5-b69a-00215e6c3f32" read="Y" role="" submit="Y" write="Y" xsi_type=""><metadata-wad seenoderoles="all" /><metadata-epm/><metadata multilingual-node="Y" multilingual-resource="Y" semantictag="europass" sharedNode="N" sharedNodeResource="N" sharedResource="N" /><asmResource contextid="54588c8d-8edd-11e5-b69a-00215e6c3f32" id="54673715-8edd-11e5-b69a-00215e6c3f32" xsi_type="nodeRes"><code/>


						<label lang="fr"/>


						<label lang="en"/>


						<label lang="ja"/></asmResource><asmResource contextid="54588c8d-8edd-11e5-b69a-00215e6c3f32" id="54629fcd-8edd-11e5-b69a-00215e6c3f32" xsi_type="context"><text lang="fr"/>


						<text lang="en"/>


						<text lang="ja"/></asmResource><asmResource contextid="54588c8d-8edd-11e5-b69a-00215e6c3f32" id="545d06d8-8edd-11e5-b69a-00215e6c3f32" xsi_type="Item"><code>A1</code>
  <label lang="fr">Je peux comprendre des noms familiers, des mots ainsi que des phrases très simples, par exemple dans des annonces, des affiches ou des catalogues.</label>
  <label lang="en">I can understand familiar names, words and very simple sentences, for example on notices and posters or in catalogues.</label>
  <label lang="ja"/></asmResource></asmContext><asmContext delete="Y" id="54588737-8edd-11e5-b69a-00215e6c3f32" read="Y" role="" submit="Y" write="Y" xsi_type=""><metadata-wad seenoderoles="all" /><metadata-epm/><metadata multilingual-node="Y" multilingual-resource="Y" semantictag="europass" sharedNode="N" sharedNodeResource="N" sharedResource="N" /><asmResource contextid="54588737-8edd-11e5-b69a-00215e6c3f32" id="5467321a-8edd-11e5-b69a-00215e6c3f32" xsi_type="nodeRes"><code/>


						<label lang="fr"/>


						<label lang="en"/>


						<label lang="ja"/></asmResource><asmResource contextid="54588737-8edd-11e5-b69a-00215e6c3f32" id="54629a99-8edd-11e5-b69a-00215e6c3f32" xsi_type="context"><text lang="fr"/>


						<text lang="en"/>


						<text lang="ja"/></asmResource><asmResource contextid="54588737-8edd-11e5-b69a-00215e6c3f32" id="545d03f6-8edd-11e5-b69a-00215e6c3f32" xsi_type="Item"><code>A2</code>
  <label lang="fr">Je peux lire des textes courts très simples. Je peux trouver une information particulière prévisible dans des documents courants comme les petites publicités, les prospectus, les menus et les horaires et je peux comprendre des lettres personnelles courtes et simples.</label>
  <label lang="en">I can read very short, simple texts. I can find specific, predictable information in simple everyday material such as advertisements, prospectuses, menus and timetables and I can understand short simple personal letters.</label>
  <label lang="ja"/></asmResource></asmContext><asmContext delete="Y" id="54587943-8edd-11e5-b69a-00215e6c3f32" read="Y" role="" submit="Y" write="Y" xsi_type=""><metadata-wad seenoderoles="all" /><metadata-epm/><metadata multilingual-node="Y" multilingual-resource="Y" semantictag="europass" sharedNode="N" sharedNodeResource="N" sharedResource="N" /><asmResource contextid="54587943-8edd-11e5-b69a-00215e6c3f32" id="54672d0b-8edd-11e5-b69a-00215e6c3f32" xsi_type="nodeRes"><code/>


						<label lang="fr"/>


						<label lang="en"/>


						<label lang="ja"/></asmResource><asmResource contextid="54587943-8edd-11e5-b69a-00215e6c3f32" id="54629561-8edd-11e5-b69a-00215e6c3f32" xsi_type="context"><text lang="fr"/>


						<text lang="en"/>


						<text lang="ja"/></asmResource><asmResource contextid="54587943-8edd-11e5-b69a-00215e6c3f32" id="545cfe66-8edd-11e5-b69a-00215e6c3f32" xsi_type="Item"><code>B1</code>
  <label lang="fr">Je peux comprendre des textes rédigés essentiellement dans une langue courante ou relative à mon travail. Je peux comprendre la description d'événements, l'expression de sentiments et de souhaits dans des lettres personnelles.</label>
  <label lang="en">I can understand texts that consist mainly of high frequency everyday or job-related language. I can understand the description of events, feelings and wishes in personal letters.</label>
  <label lang="ja"/></asmResource></asmContext><asmContext delete="Y" id="54587b88-8edd-11e5-b69a-00215e6c3f32" read="Y" role="" submit="Y" write="Y" xsi_type=""><metadata-wad seenoderoles="all" /><metadata-epm/><metadata multilingual-node="Y" multilingual-resource="Y" semantictag="europass" sharedNode="N" sharedNodeResource="N" sharedResource="N" /><asmResource contextid="54587b88-8edd-11e5-b69a-00215e6c3f32" id="54672faf-8edd-11e5-b69a-00215e6c3f32" xsi_type="nodeRes"><code/>


						<label lang="fr"/>


						<label lang="en"/>


						<label lang="ja"/></asmResource><asmResource contextid="54587b88-8edd-11e5-b69a-00215e6c3f32" id="54629807-8edd-11e5-b69a-00215e6c3f32" xsi_type="context"><text lang="fr"/>


						<text lang="en"/>


						<text lang="ja"/></asmResource><asmResource contextid="54587b88-8edd-11e5-b69a-00215e6c3f32" id="545d0126-8edd-11e5-b69a-00215e6c3f32" xsi_type="Item"><code>B2</code>
  <label lang="fr">Je peux lire des articles et des rapports sur des questions contemporaines dans lesquels les auteurs adoptent une attitude particulière ou un certain point de vue. Je peux comprendre un texte littéraire contemporain en prose.</label>
  <label lang="en">I can read articles and reports concerned with contemporary problems in which the writers adopt particular attitudes or viewpoints. I can understand contemporary literary prose.</label>
  <label lang="ja"/></asmResource></asmContext><asmContext delete="Y" id="545876fc-8edd-11e5-b69a-00215e6c3f32" read="Y" role="" submit="Y" write="Y" xsi_type=""><metadata-wad seenoderoles="all" /><metadata-epm/><metadata multilingual-node="Y" multilingual-resource="Y" semantictag="europass" sharedNode="N" sharedNodeResource="N" sharedResource="N" /><asmResource contextid="545876fc-8edd-11e5-b69a-00215e6c3f32" id="54672a58-8edd-11e5-b69a-00215e6c3f32" xsi_type="nodeRes"><code/>


						<label lang="fr"/>


						<label lang="en"/>


						<label lang="ja"/></asmResource><asmResource contextid="545876fc-8edd-11e5-b69a-00215e6c3f32" id="546292b7-8edd-11e5-b69a-00215e6c3f32" xsi_type="context"><text lang="fr"/>


						<text lang="en"/>


						<text lang="ja"/></asmResource><asmResource contextid="545876fc-8edd-11e5-b69a-00215e6c3f32" id="545cfb8f-8edd-11e5-b69a-00215e6c3f32" xsi_type="Item"><code>C1</code>
  <label lang="fr">Je peux comprendre des textes factuels ou littéraires longs et complexes et en apprécier les différences de style. Je peux comprendre des articles spécialisés et de longues instructions techniques même lorsqu'ils ne sont pas en relation avec mon domaine.</label>
  <label lang="en">I can understand long and complex factual and literary texts, appreciating distinctions of style. I can understand specialised articles and longer technical instructions, even when they do not relate to my field.</label>
  <label lang="ja"/></asmResource></asmContext><asmContext delete="Y" id="54585c5e-8edd-11e5-b69a-00215e6c3f32" read="Y" role="" submit="Y" write="Y" xsi_type=""><metadata-wad seenoderoles="all" /><metadata-epm/><metadata multilingual-node="Y" multilingual-resource="Y" semantictag="europass" sharedNode="N" sharedNodeResource="N" sharedResource="N" /><asmResource contextid="54585c5e-8edd-11e5-b69a-00215e6c3f32" id="5467092e-8edd-11e5-b69a-00215e6c3f32" xsi_type="nodeRes"><code/>


						<label lang="fr"/>


						<label lang="en"/>


						<label lang="ja"/></asmResource><asmResource contextid="54585c5e-8edd-11e5-b69a-00215e6c3f32" id="54627477-8edd-11e5-b69a-00215e6c3f32" xsi_type="context"><text lang="fr"/>


						<text lang="en"/>


						<text lang="ja"/></asmResource><asmResource contextid="54585c5e-8edd-11e5-b69a-00215e6c3f32" id="545ce030-8edd-11e5-b69a-00215e6c3f32" xsi_type="Item"><code>C2</code>
  <label lang="fr">Je peux lire sans effort tout type de texte, même abstrait ou complexe quant au fond ou à la forme, par exemple un manuel, un article spécialisé ou une littéraire.</label>
  <label lang="en">I can read with ease virtually all forms of the written language, including abstract, structurally or linguistically complex texts such as manuals, specialised articles and literary works.</label>
  <label lang="ja"/></asmResource></asmContext></asmUnit></asmStructure><asmStructure delete="Y" id="54585e99-8edd-11e5-b69a-00215e6c3f32" read="Y" role="" submit="Y" write="Y" xsi_type="asmStructure"><metadata-wad seenoderoles="all" /><metadata-epm/><metadata multilingual-node="Y" semantictag="Speaking" sharedNode="N" sharedNodeResource="N" /><asmResource contextid="54585e99-8edd-11e5-b69a-00215e6c3f32" id="54670bd2-8edd-11e5-b69a-00215e6c3f32" xsi_type="nodeRes"><code/>
  <label lang="fr">Parler</label>
  <label lang="en">Speaking</label>
  <label lang="ja">?</label></asmResource><asmResource contextid="54585e99-8edd-11e5-b69a-00215e6c3f32" id="546276ef-8edd-11e5-b69a-00215e6c3f32" xsi_type="context"><text lang="fr"/>
  <text lang="en"/>
  <text lang="ja"/></asmResource><asmUnit delete="Y" id="545860f2-8edd-11e5-b69a-00215e6c3f32" read="Y" role="" submit="Y" write="Y" xsi_type="asmUnit"><metadata-wad seenoderoles="all" /><metadata-epm/><metadata multilingual-node="Y" semantictag="SpokenInteraction" sharedNode="N" sharedNodeResource="N" /><asmResource contextid="545860f2-8edd-11e5-b69a-00215e6c3f32" id="54670ff7-8edd-11e5-b69a-00215e6c3f32" xsi_type="nodeRes"><code>SpokenInteraction</code>
  <label lang="fr">Prendre part à une conversation</label>
  <label lang="en">Spoken Interaction</label>
  <label lang="ja">?</label></asmResource><asmResource contextid="545860f2-8edd-11e5-b69a-00215e6c3f32" id="5462797c-8edd-11e5-b69a-00215e6c3f32" xsi_type="context"><text lang="fr"/>
  <text lang="en"/>
  <text lang="ja"/></asmResource><asmContext delete="Y" id="5458635e-8edd-11e5-b69a-00215e6c3f32" read="Y" role="" submit="Y" write="Y" xsi_type=""><metadata-wad seenoderoles="all" /><metadata-epm/><metadata multilingual-node="Y" multilingual-resource="Y" semantictag="europass" sharedNode="N" sharedNodeResource="N" sharedResource="N" /><asmResource contextid="5458635e-8edd-11e5-b69a-00215e6c3f32" id="546712ad-8edd-11e5-b69a-00215e6c3f32" xsi_type="nodeRes"><code/>


						<label lang="fr"/>


						<label lang="en"/>


						<label lang="ja"/></asmResource><asmResource contextid="5458635e-8edd-11e5-b69a-00215e6c3f32" id="54627c27-8edd-11e5-b69a-00215e6c3f32" xsi_type="context"><text lang="fr"/>


						<text lang="en"/>


						<text lang="ja"/></asmResource><asmResource contextid="5458635e-8edd-11e5-b69a-00215e6c3f32" id="545ce30d-8edd-11e5-b69a-00215e6c3f32" xsi_type="Item"><code>A1</code>
  <label lang="fr">Je peux communiquer, de façon simple, à condition que l'interlocuteur soit disposé à répéter ou à reformuler ses phrases plus lentement et à m'aider à formuler ce que j'essaie de dire. Je peux poser des questions simples sur des sujets familiers ou sur ce dont j'ai immédiatement besoin, ainsi que répondre à de telles questions.</label>
  <label lang="en">I can interact in a simple way provided the other person is prepared to repeat or rephrase things at a slower rate of speech and help me formulate what I'm trying to say. I can ask and answer simple questions in areas of immediate need or on very familiar topics.</label>
  <label lang="ja"/></asmResource></asmContext><asmContext delete="Y" id="545865a9-8edd-11e5-b69a-00215e6c3f32" read="Y" role="" submit="Y" write="Y" xsi_type=""><metadata-wad seenoderoles="all" /><metadata-epm/><metadata multilingual-node="Y" multilingual-resource="Y" semantictag="europass" sharedNode="N" sharedNodeResource="N" sharedResource="N" /><asmResource contextid="545865a9-8edd-11e5-b69a-00215e6c3f32" id="5467153d-8edd-11e5-b69a-00215e6c3f32" xsi_type="nodeRes"><code/>


						<label lang="fr"/>


						<label lang="en"/>


						<label lang="ja"/></asmResource><asmResource contextid="545865a9-8edd-11e5-b69a-00215e6c3f32" id="54627ec0-8edd-11e5-b69a-00215e6c3f32" xsi_type="context"><text lang="fr"/>


						<text lang="en"/>


						<text lang="ja"/></asmResource><asmResource contextid="545865a9-8edd-11e5-b69a-00215e6c3f32" id="545ce5ba-8edd-11e5-b69a-00215e6c3f32" xsi_type="Item"><code>A2</code>
  <label lang="fr">Je peux communiquer lors de tâches simples et habituelles ne demandant qu'un échange d'information simple et direct sur des sujets et des activités familiers. Je peux avoir des échanges très brefs même si, en règle générale, je ne comprends pas assez pour poursuivre une conversation.</label>
  <label lang="en">I can communicate in simple and routine tasks requiring a simple and direct exchange of information on familiar topics and activities. I can handle very short social exchanges, even though I can't usually understand enough to keep the conversation going myself.</label>
  <label lang="ja"/></asmResource></asmContext><asmContext delete="Y" id="545867ea-8edd-11e5-b69a-00215e6c3f32" read="Y" role="" submit="Y" write="Y" xsi_type=""><metadata-wad seenoderoles="all" /><metadata-epm/><metadata multilingual-node="Y" multilingual-resource="Y" semantictag="europass" sharedNode="N" sharedNodeResource="N" sharedResource="N" /><asmResource contextid="545867ea-8edd-11e5-b69a-00215e6c3f32" id="546717bd-8edd-11e5-b69a-00215e6c3f32" xsi_type="nodeRes"><code/>


						<label lang="fr"/>


						<label lang="en"/>


						<label lang="ja"/></asmResource><asmResource contextid="545867ea-8edd-11e5-b69a-00215e6c3f32" id="54628142-8edd-11e5-b69a-00215e6c3f32" xsi_type="context"><text lang="fr"/>


						<text lang="en"/>


						<text lang="ja"/></asmResource><asmResource contextid="545867ea-8edd-11e5-b69a-00215e6c3f32" id="545ce861-8edd-11e5-b69a-00215e6c3f32" xsi_type="Item"><code>B1</code>
  <label lang="fr">Je peux faire face à la majorité des situations que l'on peut rencontrer au cours d'un voyage dans une région où la langue est parlée. Je peux prendre part sans préparation à une conversation sur des sujets familiers ou d'intérêt personnel ou qui concernent la vie quotidienne (par exemple famille, loisirs, travail, voyage et actualité).</label>
  <label lang="en">I can deal with most situations likely to arise whilst travelling in an area where the language is spoken. I can enter unprepared into conversation on topics that are familiar, of personal interest or pertinent to everyday life (e.g. family, hobbies, work, travel and current events).</label>
  <label lang="ja"/></asmResource></asmContext><asmContext delete="Y" id="54586a29-8edd-11e5-b69a-00215e6c3f32" read="Y" role="" submit="Y" write="Y" xsi_type=""><metadata-wad seenoderoles="all" /><metadata-epm/><metadata multilingual-node="Y" multilingual-resource="Y" semantictag="europass" sharedNode="N" sharedNodeResource="N" sharedResource="N" /><asmResource contextid="54586a29-8edd-11e5-b69a-00215e6c3f32" id="54671a57-8edd-11e5-b69a-00215e6c3f32" xsi_type="nodeRes"><code/>


						<label lang="fr"/>


						<label lang="en"/>


						<label lang="ja"/></asmResource><asmResource contextid="54586a29-8edd-11e5-b69a-00215e6c3f32" id="546283d1-8edd-11e5-b69a-00215e6c3f32" xsi_type="context"><text lang="fr"/>


						<text lang="en"/>


						<text lang="ja"/></asmResource><asmResource contextid="54586a29-8edd-11e5-b69a-00215e6c3f32" id="545ceafb-8edd-11e5-b69a-00215e6c3f32" xsi_type="Item"><code>B2</code>
  <label lang="fr">Je peux communiquer avec un degré de spontanéité et d'aisance qui rende possible une interaction normale avec un locuteur natif. Je peux participer activement à une conversation dans des situations familières, présenter et défendre mes opinions.</label>
  <label lang="en">I can interact with a degree of fluency and spontaneity that makes regular interaction with native speakers quite possible. I can take an active part in discussion in familiar contexts, accounting for and sustaining my views.</label>
  <label lang="ja"/></asmResource></asmContext><asmContext delete="Y" id="54586c6c-8edd-11e5-b69a-00215e6c3f32" read="Y" role="" submit="Y" write="Y" xsi_type=""><metadata-wad seenoderoles="all" /><metadata-epm/><metadata multilingual-node="Y" multilingual-resource="Y" semantictag="europass" sharedNode="N" sharedNodeResource="N" sharedResource="N" /><asmResource contextid="54586c6c-8edd-11e5-b69a-00215e6c3f32" id="54671e57-8edd-11e5-b69a-00215e6c3f32" xsi_type="nodeRes"><code/>


						<label lang="fr"/>


						<label lang="en"/>


						<label lang="ja"/></asmResource><asmResource contextid="54586c6c-8edd-11e5-b69a-00215e6c3f32" id="5462866a-8edd-11e5-b69a-00215e6c3f32" xsi_type="context"><text lang="fr"/>


						<text lang="en"/>


						<text lang="ja"/></asmResource><asmResource contextid="54586c6c-8edd-11e5-b69a-00215e6c3f32" id="545cedb9-8edd-11e5-b69a-00215e6c3f32" xsi_type="Item"><code>C1</code>
  <label lang="fr">Je peux m'exprimer spontanément et couramment sans trop apparemment devoir chercher mes mots. Je peux utiliser la langue de manière souple et efficace pour des relations sociales ou professionnelles. Je peux exprimer mes idées et opinions avec précision et lier mes interventions à celles de mes interlocuteurs.</label>
  <label lang="en">I can express myself fluently and spontaneously without much obvious searching for expressions. I can use language flexibly and effectively for social and professional purposes. I can formulate ideas and opinions with precision and relate my contribution skilfully to those of other speakers.</label>
  <label lang="ja"/></asmResource></asmContext><asmContext delete="Y" id="54586eaa-8edd-11e5-b69a-00215e6c3f32" read="Y" role="" submit="Y" write="Y" xsi_type=""><metadata-wad seenoderoles="all" /><metadata-epm/><metadata multilingual-node="Y" multilingual-resource="Y" semantictag="europass" sharedNode="N" sharedNodeResource="N" sharedResource="N" /><asmResource contextid="54586eaa-8edd-11e5-b69a-00215e6c3f32" id="546720f8-8edd-11e5-b69a-00215e6c3f32" xsi_type="nodeRes"><code/>


						<label lang="fr"/>


						<label lang="en"/>


						<label lang="ja"/></asmResource><asmResource contextid="54586eaa-8edd-11e5-b69a-00215e6c3f32" id="546288fc-8edd-11e5-b69a-00215e6c3f32" xsi_type="context"><text lang="fr"/>


						<text lang="en"/>


						<text lang="ja"/></asmResource><asmResource contextid="54586eaa-8edd-11e5-b69a-00215e6c3f32" id="545cf059-8edd-11e5-b69a-00215e6c3f32" xsi_type="Item"><code>C2</code>
  <label lang="fr">Je peux participer sans effort à toute conversation ou discussion et je suis aussi très à l'aise avec les expressions idiomatiques et les tournures courantes. Je peux m'exprimer couramment et exprimer avec précision de fines nuances de sens. En cas de difficulté, je peux faire marche arrière pour y remédier avec assez d'habileté et pour qu'elle passe presque inaperçue.</label>
  <label lang="en">I can take part effortlessly in any conversation or discussion and have a good familiarity with idiomatic expressions and colloquialisms. I can express myself fluently and convey finer shades of meaning precisely. If I do have a problem I can backtrack and restructure around the difficulty so smoothly that other people are hardly aware of it.</label>
  <label lang="ja"/></asmResource></asmContext></asmUnit><asmUnit delete="Y" id="54587232-8edd-11e5-b69a-00215e6c3f32" read="Y" role="" submit="Y" write="Y" xsi_type="asmUnit"><metadata-wad seenoderoles="all" /><metadata-epm/><metadata multilingual-node="Y" semantictag="SpokenProduction" sharedNode="N" sharedNodeResource="N" /><asmResource contextid="54587232-8edd-11e5-b69a-00215e6c3f32" id="546723d1-8edd-11e5-b69a-00215e6c3f32" xsi_type="nodeRes"><code>SpokenProduction</code>


					<label lang="fr">S'exprimer oralement en continu</label>


					<label lang="en">New Unit</label>


					<label lang="ja">?</label></asmResource><asmResource contextid="54587232-8edd-11e5-b69a-00215e6c3f32" id="54628b80-8edd-11e5-b69a-00215e6c3f32" xsi_type="context"><text lang="fr"/>


					<text lang="en"/>


					<text lang="ja"/></asmResource><asmContext delete="Y" id="545874ac-8edd-11e5-b69a-00215e6c3f32" read="Y" role="" submit="Y" write="Y" xsi_type=""><metadata-wad seenoderoles="all" /><metadata-epm/><metadata multilingual-node="Y" multilingual-resource="Y" semantictag="europass" sharedNode="N" sharedNodeResource="N" sharedResource="N" /><asmResource contextid="545874ac-8edd-11e5-b69a-00215e6c3f32" id="54672684-8edd-11e5-b69a-00215e6c3f32" xsi_type="nodeRes"><code/>


						<label lang="fr"/>


						<label lang="en"/>


						<label lang="ja"/></asmResource><asmResource contextid="545874ac-8edd-11e5-b69a-00215e6c3f32" id="54629011-8edd-11e5-b69a-00215e6c3f32" xsi_type="context"><text lang="fr"/>


						<text lang="en"/>


						<text lang="ja"/></asmResource><asmResource contextid="545874ac-8edd-11e5-b69a-00215e6c3f32" id="545cf897-8edd-11e5-b69a-00215e6c3f32" xsi_type="Item"><code>A1</code>
  <label lang="fr">Je peux utiliser des expressions et des phrases simples pour décrire mon lieu d'habitation et les gens que je connais.</label>
  <label lang="en">I can use simple phrases and sentences to describe where I live and people I know</label>
  <label lang="ja"/></asmResource></asmContext><asmContext delete="Y" id="5458536f-8edd-11e5-b69a-00215e6c3f32" read="Y" role="" submit="Y" write="Y" xsi_type=""><metadata-wad seenoderoles="all" /><metadata-epm/><metadata multilingual-node="Y" multilingual-resource="Y" semantictag="europass" sharedNode="N" sharedNodeResource="N" sharedResource="N" /><asmResource contextid="5458536f-8edd-11e5-b69a-00215e6c3f32" id="5466fedd-8edd-11e5-b69a-00215e6c3f32" xsi_type="nodeRes"><code/>


						<label lang="fr"/>


						<label lang="en"/>


						<label lang="ja"/></asmResource><asmResource contextid="5458536f-8edd-11e5-b69a-00215e6c3f32" id="54626a32-8edd-11e5-b69a-00215e6c3f32" xsi_type="context"><text lang="fr"/>


						<text lang="en"/>


						<text lang="ja"/></asmResource><asmResource contextid="5458536f-8edd-11e5-b69a-00215e6c3f32" id="545cd57d-8edd-11e5-b69a-00215e6c3f32" xsi_type="Item"><code>A2</code>
  <label lang="fr">Je peux utiliser une série de phrases ou d'expressions pour décrire en termes simples ma famille et d'autres gens, mes conditions de vie, ma formation et mon activité professionnelle actuelle ou récente.</label>
  <label lang="en">I can use a series of phrases and sentences to describe in simple terms my family and other people, living conditions, my educational background and my present or most recent job.</label>
  <label lang="ja"/></asmResource></asmContext><asmContext delete="Y" id="545855b3-8edd-11e5-b69a-00215e6c3f32" read="Y" role="" submit="Y" write="Y" xsi_type=""><metadata-wad seenoderoles="all" /><metadata-epm/><metadata multilingual-node="Y" multilingual-resource="Y" semantictag="europass" sharedNode="N" sharedNodeResource="N" sharedResource="N" /><asmResource contextid="545855b3-8edd-11e5-b69a-00215e6c3f32" id="54670188-8edd-11e5-b69a-00215e6c3f32" xsi_type="nodeRes"><code/>


						<label lang="fr"/>


						<label lang="en"/>


						<label lang="ja"/></asmResource><asmResource contextid="545855b3-8edd-11e5-b69a-00215e6c3f32" id="54626cc2-8edd-11e5-b69a-00215e6c3f32" xsi_type="context"><text lang="fr"/>


						<text lang="en"/>


						<text lang="ja"/></asmResource><asmResource contextid="545855b3-8edd-11e5-b69a-00215e6c3f32" id="545cd822-8edd-11e5-b69a-00215e6c3f32" xsi_type="Item"><code>B1</code>
  <label lang="fr">Je peux articuler des expressions de manière simple afin de raconter des expériences et des événements, mes rêves, mes espoirs ou mes buts. Je peux brièvement donner les raisons et explications de mes opinions ou projets. Je peux raconter une histoire ou l'intrigue d'un livre ou d'un film et exprimer mes réactions.</label>
  <label lang="en">I can connect phrases in a simple way in order to describe experiences and events, my dreams, hopes and ambitions. I can briefly give reasons and explanations for opinions and plans. I can narrate a story or relate the plot of a book or film and describe my reactions.</label>
  <label lang="ja"/></asmResource></asmContext><asmContext delete="Y" id="545857ef-8edd-11e5-b69a-00215e6c3f32" read="Y" role="" submit="Y" write="Y" xsi_type=""><metadata-wad seenoderoles="all" /><metadata-epm/><metadata multilingual-node="Y" multilingual-resource="Y" semantictag="europass" sharedNode="N" sharedNodeResource="N" sharedResource="N" /><asmResource contextid="545857ef-8edd-11e5-b69a-00215e6c3f32" id="54670406-8edd-11e5-b69a-00215e6c3f32" xsi_type="nodeRes"><code/>


						<label lang="fr"/>


						<label lang="en"/>


						<label lang="ja"/></asmResource><asmResource contextid="545857ef-8edd-11e5-b69a-00215e6c3f32" id="54626f4e-8edd-11e5-b69a-00215e6c3f32" xsi_type="context"><text lang="fr"/>


						<text lang="en"/>


						<text lang="ja"/></asmResource><asmResource contextid="545857ef-8edd-11e5-b69a-00215e6c3f32" id="545cdad9-8edd-11e5-b69a-00215e6c3f32" xsi_type="Item"><code>B2</code>
  <label lang="fr">Je peux m'exprimer de façon claire et détaillée sur une grande gamme de sujets relatifs à mes centres d'intérêt. Je peux développer un point de vue sur un sujet d'actualité et expliquer les avantages et les inconvénients de différentes possibilités.</label>
  <label lang="en">I can present clear, detailed descriptions on a wide range of subjects related to my field of interest. I can explain a viewpoint on a topical issue giving the advantages and disadvantages of various options.</label>
  <label lang="ja"/></asmResource></asmContext><asmContext delete="Y" id="54585a25-8edd-11e5-b69a-00215e6c3f32" read="Y" role="" submit="Y" write="Y" xsi_type=""><metadata-wad seenoderoles="all" /><metadata-epm/><metadata multilingual-node="Y" multilingual-resource="Y" semantictag="europass" sharedNode="N" sharedNodeResource="N" sharedResource="N" /><asmResource contextid="54585a25-8edd-11e5-b69a-00215e6c3f32" id="5467067f-8edd-11e5-b69a-00215e6c3f32" xsi_type="nodeRes"><code/>


						<label lang="fr"/>


						<label lang="en"/>


						<label lang="ja"/></asmResource><asmResource contextid="54585a25-8edd-11e5-b69a-00215e6c3f32" id="546271dc-8edd-11e5-b69a-00215e6c3f32" xsi_type="context"><text lang="fr"/>


						<text lang="en"/>


						<text lang="ja"/></asmResource><asmResource contextid="54585a25-8edd-11e5-b69a-00215e6c3f32" id="545cdd8d-8edd-11e5-b69a-00215e6c3f32" xsi_type="Item"><code>C1</code>
  <label lang="fr">Je peux présenter des descriptions claires et détaillées de sujets complexes, en intégrant des thèmes qui leur sont liés, en développant certains points et en terminant mon intervention de façon appropriée.</label>
  <label lang="en">I can present clear, detailed descriptions of complex subjects integrating sub-themes, developing particular points and rounding off with an appropriate conclusion.</label>
  <label lang="ja"/></asmResource></asmContext><asmContext delete="Y" id="54584c78-8edd-11e5-b69a-00215e6c3f32" read="Y" role="" submit="Y" write="Y" xsi_type=""><metadata-wad seenoderoles="all" /><metadata-epm/><metadata multilingual-node="Y" multilingual-resource="Y" semantictag="europass" sharedNode="N" sharedNodeResource="N" sharedResource="N" /><asmResource contextid="54584c78-8edd-11e5-b69a-00215e6c3f32" id="5466f71c-8edd-11e5-b69a-00215e6c3f32" xsi_type="nodeRes"><code/>


						<label lang="fr"/>


						<label lang="en"/>


						<label lang="ja"/></asmResource><asmResource contextid="54584c78-8edd-11e5-b69a-00215e6c3f32" id="54626269-8edd-11e5-b69a-00215e6c3f32" xsi_type="context"><text lang="fr"/>


						<text lang="en"/>


						<text lang="ja"/></asmResource><asmResource contextid="54584c78-8edd-11e5-b69a-00215e6c3f32" id="545cd2a0-8edd-11e5-b69a-00215e6c3f32" xsi_type="Item"><code>C2</code>
  <label lang="fr">Je peux présenter une description ou une argumentation claire et fluide dans un style adapté au contexte, construire une présentation de façon logique et aider mon auditeur à remarquer et à se rappeler les points importants.</label>
  <label lang="en">I can present a clear, smoothly-flowing description or argument in a style appropriate to the context and with an effective logical structure which helps the recipient to notice and remember significant points.</label>
  <label lang="ja"/></asmResource></asmContext></asmUnit></asmStructure><asmStructure delete="Y" id="54584eb9-8edd-11e5-b69a-00215e6c3f32" read="Y" role="" submit="Y" write="Y" xsi_type="asmStructure"><metadata-wad seenoderoles="all" /><metadata-epm/><metadata multilingual-node="Y" semantictag="" sharedNode="N" sharedNodeResource="N" /><asmResource contextid="54584eb9-8edd-11e5-b69a-00215e6c3f32" id="5466f9a2-8edd-11e5-b69a-00215e6c3f32" xsi_type="nodeRes"><code/>
  <label lang="fr">Écrire</label>
  <label lang="en">Writing</label>
  <label lang="ja">?</label></asmResource><asmResource contextid="54584eb9-8edd-11e5-b69a-00215e6c3f32" id="546264f7-8edd-11e5-b69a-00215e6c3f32" xsi_type="context"><text lang="fr"/>
  <text lang="en"/>
  <text lang="ja"/></asmResource><asmUnit delete="Y" id="54585108-8edd-11e5-b69a-00215e6c3f32" read="Y" role="" submit="Y" write="Y" xsi_type="asmUnit"><metadata-wad seenoderoles="all" /><metadata-epm/><metadata multilingual-node="Y" semantictag="Writing" sharedNode="N" sharedNodeResource="N" /><asmResource contextid="54585108-8edd-11e5-b69a-00215e6c3f32" id="5466fc37-8edd-11e5-b69a-00215e6c3f32" xsi_type="nodeRes"><code>Writing</code>


					<label lang="fr">Écrire</label>


					<label lang="en">New Unit</label>


					<label lang="ja">?</label></asmResource><asmResource contextid="54585108-8edd-11e5-b69a-00215e6c3f32" id="5462678d-8edd-11e5-b69a-00215e6c3f32" xsi_type="context"><text lang="fr"/>


					<text lang="en"/>


					<text lang="ja"/></asmResource><asmContext delete="Y" id="54583bb5-8edd-11e5-b69a-00215e6c3f32" read="Y" role="" submit="Y" write="Y" xsi_type=""><metadata-wad seenoderoles="all" /><metadata-epm/><metadata multilingual-node="Y" multilingual-resource="Y" semantictag="europass" sharedNode="N" sharedNodeResource="N" sharedResource="N" /><asmResource contextid="54583bb5-8edd-11e5-b69a-00215e6c3f32" id="5466e524-8edd-11e5-b69a-00215e6c3f32" xsi_type="nodeRes"><code/>


						<label lang="fr"/>


						<label lang="en"/>


						<label lang="ja"/></asmResource><asmResource contextid="54583bb5-8edd-11e5-b69a-00215e6c3f32" id="54624ea5-8edd-11e5-b69a-00215e6c3f32" xsi_type="context"><text lang="fr"/>


						<text lang="en"/>


						<text lang="ja"/></asmResource><asmResource contextid="54583bb5-8edd-11e5-b69a-00215e6c3f32" id="545cc059-8edd-11e5-b69a-00215e6c3f32" xsi_type="Item"><code>A1</code>
  <label lang="fr">Je peux écrire une courte carte postale simple, par exemple de vacances. Je peux porter des détails personnels dans un questionnaire, inscrire par exemple mon nom, ma nationalité et mon adresse sur une fiche d'hôtel.</label>
  <label lang="en">I can write a short, simple postcard, for example sending holiday greetings. I can fill in forms with personal details, for example entering my name, nationality and address on a hotel registration form.</label>
  <label lang="ja"/></asmResource></asmContext><asmContext delete="Y" id="54583df4-8edd-11e5-b69a-00215e6c3f32" read="Y" role="" submit="Y" write="Y" xsi_type=""><metadata-wad seenoderoles="all" /><metadata-epm/><metadata multilingual-node="Y" multilingual-resource="Y" semantictag="europass" sharedNode="N" sharedNodeResource="N" sharedResource="N" /><asmResource contextid="54583df4-8edd-11e5-b69a-00215e6c3f32" id="5466e7c1-8edd-11e5-b69a-00215e6c3f32" xsi_type="nodeRes"><code/>


						<label lang="fr"/>


						<label lang="en"/>


						<label lang="ja"/></asmResource><asmResource contextid="54583df4-8edd-11e5-b69a-00215e6c3f32" id="5462513b-8edd-11e5-b69a-00215e6c3f32" xsi_type="context"><text lang="fr"/>


						<text lang="en"/>


						<text lang="ja"/></asmResource><asmResource contextid="54583df4-8edd-11e5-b69a-00215e6c3f32" id="545cc30e-8edd-11e5-b69a-00215e6c3f32" xsi_type="Item"><code>A2</code>
  <label lang="fr">Je peux écrire des notes et messages simples et courts. Je peux écrire une lettre personnelle très simple, par exemple de remerciements.</label>
  <label lang="en">I can write short, simple notes and messages. I can write a very simple personal letter, for example thanking someone for something.</label>
  <label lang="ja"/></asmResource></asmContext><asmContext delete="Y" id="54584032-8edd-11e5-b69a-00215e6c3f32" read="Y" role="" submit="Y" write="Y" xsi_type=""><metadata-wad seenoderoles="all" /><metadata-epm/><metadata multilingual-node="Y" multilingual-resource="Y" semantictag="europass" sharedNode="N" sharedNodeResource="N" sharedResource="N" /><asmResource contextid="54584032-8edd-11e5-b69a-00215e6c3f32" id="5466ea4a-8edd-11e5-b69a-00215e6c3f32" xsi_type="nodeRes"><code/>


						<label lang="fr"/>


						<label lang="en"/>


						<label lang="ja"/></asmResource><asmResource contextid="54584032-8edd-11e5-b69a-00215e6c3f32" id="546253da-8edd-11e5-b69a-00215e6c3f32" xsi_type="context"><text lang="fr"/>


						<text lang="en"/>


						<text lang="ja"/></asmResource><asmResource contextid="54584032-8edd-11e5-b69a-00215e6c3f32" id="545cc597-8edd-11e5-b69a-00215e6c3f32" xsi_type="Item"><code>B1</code>
  <label lang="fr">Je peux écrire un texte simple et cohérent sur des sujets familiers ou qui m'intéressent personnellement. Je peux écrire des lettres personnelles pour décrire expériences et impressions.</label>
  <label lang="en">I can write simple connected text on topics which are familiar or of personal interest. I can write personal letters describing experiences and impressions.</label>
  <label lang="ja"/></asmResource></asmContext><asmContext delete="Y" id="54584276-8edd-11e5-b69a-00215e6c3f32" read="Y" role="" submit="Y" write="Y" xsi_type=""><metadata-wad seenoderoles="all" /><metadata-epm/><metadata multilingual-node="Y" multilingual-resource="Y" semantictag="europass" sharedNode="N" sharedNodeResource="N" sharedResource="N" /><asmResource contextid="54584276-8edd-11e5-b69a-00215e6c3f32" id="5466ece5-8edd-11e5-b69a-00215e6c3f32" xsi_type="nodeRes"><code/>


						<label lang="fr"/>


						<label lang="en"/>


						<label lang="ja"/></asmResource><asmResource contextid="54584276-8edd-11e5-b69a-00215e6c3f32" id="546257d2-8edd-11e5-b69a-00215e6c3f32" xsi_type="context"><text lang="fr"/>


						<text lang="en"/>


						<text lang="ja"/></asmResource><asmResource contextid="54584276-8edd-11e5-b69a-00215e6c3f32" id="545cc968-8edd-11e5-b69a-00215e6c3f32" xsi_type="Item"><code>B2</code>
  <label lang="fr">Je peux écrire des textes clairs et détaillés sur une grande gamme de sujets relatifs à mes intérêts. Je peux écrire un essai ou un rapport en transmettant une information ou en exposant des raisons pour ou contre une opinion donnée. Je peux écrire des lettres qui mettent en valeur le sens que j'attribue personnellement aux événements et aux expériences.</label>
  <label lang="en">I can write clear, detailed text on a wide range of subjects related to my interests. I can write an essay or report, passing on information or giving reasons in support of or against a particular point of view. I can write letters highlighting the personal significance of events and experiences.</label>
  <label lang="ja"/></asmResource></asmContext><asmContext delete="Y" id="5458458f-8edd-11e5-b69a-00215e6c3f32" read="Y" role="" submit="Y" write="Y" xsi_type=""><metadata-wad seenoderoles="all" /><metadata-epm/><metadata multilingual-node="Y" multilingual-resource="Y" semantictag="europass" sharedNode="N" sharedNodeResource="N" sharedResource="N" /><asmResource contextid="5458458f-8edd-11e5-b69a-00215e6c3f32" id="5466ef6d-8edd-11e5-b69a-00215e6c3f32" xsi_type="nodeRes"><code/>


						<label lang="fr"/>


						<label lang="en"/>


						<label lang="ja"/></asmResource><asmResource contextid="5458458f-8edd-11e5-b69a-00215e6c3f32" id="54625a85-8edd-11e5-b69a-00215e6c3f32" xsi_type="context"><text lang="fr"/>


						<text lang="en"/>


						<text lang="ja"/></asmResource><asmResource contextid="5458458f-8edd-11e5-b69a-00215e6c3f32" id="545ccc5e-8edd-11e5-b69a-00215e6c3f32" xsi_type="Item"><code>C1</code>
  <label lang="fr">Je peux m'exprimer dans un texte clair et bien structuré et développer mon point de vue. Je peux écrire sur des sujets complexes dans une lettre, un essai ou un rapport, en soulignant les points que je juge importants. Je peux adopter un style adapté au destinataire.</label>
  <label lang="en">I can express myself in clear, well-structured text, expressing points of view at some length. I can write about complex subjects in a letter, an essay or a report, underlining what I consider to be the salient issues. I can select a style appropriate to the reader in mind.</label>
  <label lang="ja"/></asmResource></asmContext><asmContext delete="Y" id="545847dd-8edd-11e5-b69a-00215e6c3f32" read="Y" role="" submit="Y" write="Y" xsi_type=""><metadata-wad seenoderoles="all" /><metadata-epm/><metadata multilingual-node="Y" multilingual-resource="Y" semantictag="europass" sharedNode="N" sharedNodeResource="N" sharedResource="N" /><asmResource contextid="545847dd-8edd-11e5-b69a-00215e6c3f32" id="5466f1eb-8edd-11e5-b69a-00215e6c3f32" xsi_type="nodeRes"><code/>


						<label lang="fr"/>


						<label lang="en"/>


						<label lang="ja"/></asmResource><asmResource contextid="545847dd-8edd-11e5-b69a-00215e6c3f32" id="54625d1d-8edd-11e5-b69a-00215e6c3f32" xsi_type="context"><text lang="fr"/>


						<text lang="en"/>


						<text lang="ja"/></asmResource><asmResource contextid="545847dd-8edd-11e5-b69a-00215e6c3f32" id="545ccf1c-8edd-11e5-b69a-00215e6c3f32" xsi_type="Item"><code>C2</code>
  <label lang="fr">Je peux écrire un texte clair, fluide et stylistiquement adapté aux circonstances. Je peux rédiger des lettres, rapports ou articles complexes, avec une construction claire permettant au lecteur d'en saisir et de mémoriser les points importants. Je peux résumer et critiquer par écrit un ouvrage professionnel ou une œuvre littéraire.</label>
  <label lang="en">I can write clear, smoothly-flowing text in an appropriate style. I can write complex letters, reports or articles which present a case with an effective logical structure which helps the recipient to notice and remember significant points. I can write summaries and reviews of professional or literary works.</label>
  <label lang="ja"/></asmResource></asmContext></asmUnit></asmStructure></asmRoot></portfolio>